step,action_0,action_1,action_2,action_3,action_4,action_5,action_6,action_7,action_8,action_9,action_10,action_11,obs_0,obs_1,obs_2,obs_3,obs_4,obs_5,obs_6,obs_7,obs_8,obs_9,obs_10,obs_11,obs_12,obs_13,obs_14,obs_15,obs_16,obs_17,obs_18,obs_19,obs_20,obs_21,obs_22,obs_23,obs_24,obs_25,obs_26,obs_27,obs_28,obs_29,obs_30,obs_31,obs_32,obs_33,obs_34,obs_35,obs_36,obs_37,obs_38,obs_39,obs_40,obs_41,obs_42,obs_43,obs_44,torque_0,torque_1,torque_2,torque_3,torque_4,torque_5,torque_6,torque_7,torque_8,torque_9,torque_10,torque_11
0,1.2060602,1.8438395,-0.49915615,2.1252449,-1.8702323,1.0577466,0.25968996,1.653996,-0.4175696,-0.0075878054,-1.8780506,1.0838248,-2.4866906e-06,-0.008722735,-2.4398057e-06,-3.0518413e-10,-5.3683747e-21,-1.0,0.0,0.0,0.0,6.607656e-08,4.4072568e-08,-0.00030988455,0.0007978678,-0.00041741133,-1.5394326e-07,-1.7305801e-07,-5.8943833e-08,-0.00030994415,0.000797987,-0.00041764975,1.0338282e-06,1.651914e-06,1.1018142e-06,-0.0077473386,0.019948069,-0.0104477815,-3.8485814e-06,-4.3264504e-06,-1.473596e-06,-0.007748369,0.01994983,-0.01045356,2.5845704e-05,1.2060602,1.8438395,-0.49915615,2.1252449,-1.8702323,1.0577466,0.25968996,1.653996,-0.4175696,-0.0075878054,-1.8780506,1.0838248,-4.335490335542994e-13,1.637947246946651e-13,0.0009424787559275671,0.0029955617288912606,-0.14198367658813105,-5.849543320324509e-12,2.491831419134814e-14,-7.021575521688578e-15,0.0009424787559275671,0.0029955617288912606,-0.14198367658813105,4.588981291300362e-13
1,1.8272519,2.278287,-0.47129697,1.4324626,-2.029738,1.9607009,-0.38973832,5.323902,-0.35553637,-0.4293381,-1.9346476,0.39170417,-0.8390245,-0.19841826,0.06401884,-0.0077192076,0.009504761,-0.999925,0.0,0.0,0.0,0.005793184,0.028732013,0.011425614,0.012529612,-0.022643507,0.010704065,-0.04193619,0.025869325,0.025173664,-0.0011217594,-0.01122123,-0.010845042,0.24309424,0.28627953,-0.0058350987,0.18373357,-0.53565663,0.4218729,-0.22185901,0.2913854,0.13100503,-0.046157192,-0.5355643,0.3600262,1.8272519,2.278287,-0.47129697,1.4324626,-2.029738,1.9607009,-0.38973832,5.323902,-0.35553637,-0.4293381,-1.9346476,0.39170417,-4.335490335542994e-13,1.637947246946651e-13,0.0009424787559275671,0.0029955617288912606,-0.14198367658813105,-5.849543320324509e-12,2.491831419134814e-14,-7.021575521688578e-15,0.0009424787559275671,0.0029955617288912606,-0.14198367658813105,4.588981291300362e-13
2,0.26749703,1.5239762,-0.5854569,0.77792525,-1.2998619,-1.1493787,-1.5481012,8.07935,-0.61705995,-1.3900607,-0.5659686,-1.3948742,-0.54945564,0.17608173,0.033744067,-0.010373307,0.042372648,-0.999048,0.0,0.0,0.0,0.083851896,0.086524256,-0.011021614,0.06032586,-0.0614748,0.036276385,-0.052488625,0.07318501,0.021791637,0.003946781,-0.051475346,0.005592729,-0.015379779,0.19975679,-0.05580576,0.026454797,0.084692515,-0.065600164,-0.17498748,0.21233962,-0.11149322,0.07608323,0.009262168,-0.12509476,0.26749703,1.5239762,-0.5854569,0.77792525,-1.2998619,-1.1493787,-1.5481012,8.07935,-0.61705995,-1.3900607,-0.5659686,-1.3948742,500.0,500.0,-264.00348525118676,500.0,-500.0,500.0,168.90237410686143,500.0,-233.85130163144163,-9.814096057279897,-500.0,500.0
3,-0.8495582,1.7380892,0.5937882,-0.7151632,-0.40288442,1.967957,-1.9514499,9.247065,-2.1224167,0.9789825,-0.7428287,2.355319,-1.0301907,0.15439177,0.20094013,-0.0057513295,0.073019765,-0.9973139,0.0,0.0,0.0,0.10478146,0.13502604,-0.02390039,0.072576165,-0.10222769,0.0008142066,-0.07501725,0.14132828,0.026281655,-0.0062966347,-0.109288335,-0.03340472,0.4108037,0.21064417,-0.24108975,0.20925064,0.5775044,-0.14614455,-0.44152546,0.43903422,0.14425917,-0.11815025,-0.72090423,-0.93058556,-0.8495582,1.7380892,0.5937882,-0.7151632,-0.40288442,1.967957,-1.9514499,9.247065,-2.1224167,0.9789825,-0.7428287,2.355319,-500.0,-500.0,-265.4326404940823,-500.0,500.0,-500.0,-310.39699324878467,500.0,-500.0,500.0,500.0,-500.0
4,-0.87976664,-0.55910444,-1.4754505,0.959858,-0.8187849,2.6531584,1.0478072,10.726457,-0.3959048,0.9594788,-3.3852198,1.902717,-0.83743936,0.25903147,0.063707754,0.0047675013,0.109726526,-0.99395037,0.0,0.0,0.0,0.107717276,0.15120478,-0.027753651,0.06682563,-0.12427294,0.030304385,-0.08601557,0.2086644,0.012896717,0.0026686192,-0.11511928,-0.003941546,0.10205256,0.06792026,-0.057962626,0.015032387,0.07905118,0.356814,-0.20935614,0.4365178,-0.020073663,-0.021177482,-0.21825163,0.51359165,-0.87976664,-0.55910444,-1.4754505,0.959858,-0.8187849,2.6531584,1.0478072,10.726457,-0.3959048,0.9594788,-3.3852198,1.902717,500.0,-500.0,-500.0,500.0,500.0,-69.37071562453707,-500.0,500.0,500.0,-500.0,-500.0,-500.0
5,-0.5592697,-0.6492585,0.6126334,1.0199989,-0.8196317,-0.56485057,-1.264125,11.594176,-1.3478361,-0.4485684,-1.8677175,-1.6106092,-0.7756631,0.17552468,0.04632328,0.022628242,0.1372454,-0.9902786,0.0,0.0,0.0,0.0468901,0.15183553,-0.0649336,0.11881721,-0.17674333,0.07854868,-0.05176422,0.2979539,-0.034588695,0.035558462,-0.14079654,0.07804171,-0.13027444,0.019719351,-0.063188046,0.13043045,0.34151375,-0.14366063,-0.09435532,0.5224042,-0.0053702486,-0.0038804119,0.25510362,0.0042166305,-0.5592697,-0.6492585,0.6126334,1.0199989,-0.8196317,-0.56485057,-1.264125,11.594176,-1.3478361,-0.4485684,-1.8677175,-1.6106092,500.0,-500.0,-317.27052725874125,500.0,500.0,500.0,-500.0,468.9024475014371,391.7540884868408,-336.9596554763233,-500.0,500.0
6,-1.0611695,-1.5993849,0.10607281,-0.10005283,-0.67414165,1.0076485,-1.864665,10.502952,-1.7621154,-0.48684746,-0.28637683,2.0761242,-0.80050623,0.2861362,0.16137594,0.031041242,0.1620978,-0.98628634,0.0,0.0,0.0,-0.02077753,0.14033504,-0.061097205,0.13651979,-0.17700988,0.07481468,-0.07935286,0.40005866,-0.035360456,0.028757453,-0.14572287,0.01888534,-0.1649804,-0.008987542,-0.055845108,0.09027492,0.28172147,0.2848798,-0.32388568,0.59738255,0.07204708,-0.091411695,-0.21515416,-0.5017514,-1.0611695,-1.5993849,0.10607281,-0.10005283,-0.67414165,1.0076485,-1.864665,10.502952,-1.7621154,-0.48684746,-0.28637683,2.0761242,500.0,500.0,500.0,-500.0,500.0,-500.0,-500.0,500.0,500.0,-500.0,500.0,-500.0
7,-1.1594924,-3.2808647,-0.6693234,-0.41429174,-1.240144,0.35202664,-1.9691675,9.746457,-0.7717875,-1.1261032,0.439254,2.8427112,0.0,0.0,0.0,0.041206356,0.18169214,-0.98249173,0.0,0.0,0.0,0.0,0.0,0.0,0.0,0.0,0.0,0.0,0.0,0.0,0.0,0.0,0.0,0.0,0.0,0.0,0.0,0.0,0.0,0.0,0.0,0.0,0.0,0.0,0.0,-1.1594924,-3.2808647,-0.6693234,-0.41429174,-1.240144,0.35202664,-1.9691675,9.746457,-0.7717875,-1.1261032,0.439254,2.8427112,500.0,500.0,-500.0,500.0,500.0,372.5593111292127,-469.88234224325475,500.0,488.17449255640577,2.1148155642878805,-500.0,-500.0
8,-0.39242068,-0.8318281,-1.0652897,-0.093247175,-1.3600421,1.572553,-0.20887256,10.077189,-0.9236913,-1.4206328,-1.2165658,0.26066884,-0.14290564,0.49841237,0.7335024,0.0584778,0.19149263,-0.97975045,0.0,0.0,0.0,-0.08409297,0.075897776,-0.058732927,0.12083745,-0.26046377,0.09112985,-0.16717991,0.5689091,-0.02855277,0.004283905,-0.06832892,0.19403683,-0.75737655,-0.18545996,-0.07427991,0.09120404,-0.6495817,0.2501736,-0.7707929,0.41267973,0.2727817,-0.21349049,0.5949054,1.440896,-0.39242068,-0.8318281,-1.0652897,-0.093247175,-1.3600421,1.572553,-0.20887256,10.077189,-0.9236913,-1.4206328,-1.2165658,0.26066884,500.0,-500.0,319.49720066922737,-500.0,-500.0,-500.0,500.0,-500.0,-500.0,500.0,500.0,-500.0
9,-0.90584964,-1.1602361,-2.5734525,-2.0607452,-0.81816584,-0.9282648,-0.5571604,4.9678273,4.1061873,-6.01005,3.507379,-0.6925175,-0.037101764,0.5381316,-0.2759471,0.07288229,0.1959915,-0.9778934,0.0,0.0,0.0,-0.12855604,0.053667504,-0.06825566,0.12359166,-0.2320047,0.11691697,-0.17791763,0.6424273,-0.044534147,-0.012984991,-0.08458024,0.24447602,-0.030089853,-0.16493091,-0.09085543,-0.029050216,0.22703946,0.23163116,-0.14056444,0.38545662,0.02216316,-0.16356449,0.11084934,0.14407162,-0.90584964,-1.1602361,-2.5734525,-2.0607452,-0.81816584,-0.9282648,-0.5571604,4.9678273,4.1061873,-6.01005,3.507379,-0.6925175,-500.0,-500.0,-224.70750785546522,-433.95690497294794,-192.5055676006111,24.058027905416917,-500.0,500.0,-290.0790808967506,-500.0,418.18650287669067,500.0
10,-2.1087754,6.488034,-0.030113757,-3.9142835,1.8956368,-1.2274107,-0.09662616,-0.19571882,0.9795927,-1.1819267,-1.1116004,-3.1685996,0.06675622,0.3729096,-0.7180391,0.08647458,0.1980468,-0.97637063,0.0,0.0,0.0,-0.14714202,0.038363256,-0.07908964,0.12695527,-0.18636125,0.05908566,-0.23523287,0.71068007,0.031065643,-0.09843063,0.032550454,0.17787606,-0.053005993,-0.06400941,-0.031281542,-0.019203296,0.058815878,-0.20368889,-0.12349943,0.29820004,0.34333527,-0.4788083,0.5826161,-0.32867488,-2.1087754,6.488034,-0.030113757,-3.9142835,1.8956368,-1.2274107,-0.09662616,-0.19571882,0.9795927,-1.1819267,-1.1116004,-3.1685996,52.40161723267256,-500.0,-407.51137449051856,-296.88240416821765,-167.49343633374903,160.94797643705311,-500.0,500.0,500.0,-500.0,500.0,500.0
11,-5.904768,3.2848363,6.024097,-6.821651,5.8435473,0.7936033,1.1097516,-0.12574917,0.24702983,1.5885217,-1.20173,2.5146198,0.32319906,0.32272968,-0.18526067,0.08945021,0.19161578,-0.97738534,0.0,0.0,0.0,-0.21016347,0.026160324,-0.07570064,0.11137605,-0.12153536,0.068469554,-0.19524531,0.7310852,0.028829157,-0.12766671,0.011592686,0.17647807,-0.6838109,-0.038059574,-0.034544796,-0.058071733,0.5437683,-0.15444875,0.38452402,0.004397703,-0.21085118,-0.11542419,0.088413365,0.21111953,-5.904768,3.2848363,6.024097,-6.821651,5.8435473,0.7936033,1.1097516,-0.12574917,0.24702983,1.5885217,-1.20173,2.5146198,500.0,500.0,500.0,-500.0,-500.0,500.0,500.0,-500.0,-500.0,500.0,-500.0,500.0
12,-2.4706373,2.9347932,0.4925683,-1.9742637,-2.2305253,3.2672696,0.047374427,2.1589887,-1.4715687,2.9455292,-3.4433198,-0.042343587,0.13348117,-0.12687142,-0.49769416,0.08274016,0.17597316,-0.98091155,0.0,0.0,0.0,-0.27504045,0.0012486697,-0.03610319,0.08121669,-0.10209608,0.15334447,-0.16989282,0.7092143,0.020876408,-0.08916116,-0.06965315,0.27937865,0.09898847,-0.07870051,0.16729255,-0.068935715,0.12915155,0.4543108,0.24829753,-0.07258579,-0.113853835,0.21018755,-0.4039858,0.71433645,-2.4706373,2.9347932,0.4925683,-1.9742637,-2.2305253,3.2672696,0.047374427,2.1589887,-1.4715687,2.9455292,-3.4433198,-0.042343587,-500.0,500.0,-500.0,-500.0,500.0,-500.0,500.0,-500.0,-500.0,-500.0,500.0,500.0
13,-1.8207793,0.025033802,1.384675,0.23938128,-1.8482814,-1.8150089,0.15134847,5.6597013,-1.1815888,1.1922452,-3.563385,-3.6212254,-0.040616445,0.10696304,0.23479961,0.0878435,0.17916153,-0.9798901,0.0,0.0,0.0,-0.32185626,0.014988957,-0.0152795315,0.06338203,-0.19336659,0.20778325,-0.1425678,0.7048246,-0.0034609437,-0.053275347,-0.13080782,0.24771655,-0.49610326,0.0024633396,0.15879378,-0.030715436,-1.0749187,0.7356426,0.4970882,-0.104637384,-0.46332055,0.3655592,-0.8890034,-0.72695684,-1.8207793,0.025033802,1.384675,0.23938128,-1.8482814,-1.8150089,0.15134847,5.6597013,-1.1815888,1.1922452,-3.563385,-3.6212254,500.0,500.0,-500.0,500.0,500.0,-500.0,500.0,500.0,-312.6426956520771,-500.0,500.0,-500.0
14,-1.7736447,1.4886532,0.95081097,-0.6656083,-0.9783996,-5.1729326,-0.76056564,5.0259852,-2.6306932,-0.6133354,-3.9904273,0.39991504,-0.24252363,0.3051263,-0.06737441,0.09578314,0.19092433,-0.9769204,0.0,0.0,0.0,-0.4058231,0.02484339,0.003299415,0.071724534,-0.1954577,0.22116141,-0.1482605,0.7211811,-0.0039764643,-0.030260801,-0.172283,0.19348355,0.052456316,-0.042308506,-0.009571776,0.086294495,0.34295353,0.28900436,0.20538644,0.10587809,-0.191989,0.17407624,-0.40061876,-0.52399075,-1.7736447,1.4886532,0.95081097,-0.6656083,-0.9783996,-5.1729326,-0.76056564,5.0259852,-2.6306932,-0.6133354,-3.9904273,0.39991504,-500.0,500.0,299.50451140820644,-500.0,-500.0,500.0,363.5071231805649,-342.5841422867295,-500.0,500.0,-500.0,-500.0
15,-1.7614261,-3.7682652,-1.6279011,1.3653352,-1.5549352,0.7349071,-2.2053263,3.021784,0.39968014,-2.9053206,-0.08982545,2.0841033,-0.49830535,0.3287912,0.16843916,0.10948229,0.20623991,-0.97235733,0.0,0.0,0.0,-0.4196293,0.038973894,0.017956674,0.061668634,-0.18477833,0.1400935,-0.14126031,0.74531937,-0.0049394965,-0.03622842,-0.19355214,0.18344891,-0.1309406,0.10704143,0.120476,-0.11074292,-0.14012192,-0.21390092,-0.10245347,0.15990324,0.12455598,-0.12196815,0.08884788,-0.30178803,-1.7614261,-3.7682652,-1.6279011,1.3653352,-1.5549352,0.7349071,-2.2053263,3.021784,0.39968014,-2.9053206,-0.08982545,2.0841033,500.0,-235.0822375120813,-500.0,441.0464458692576,447.2841992798165,500.0,500.0,24.117511202004835,-500.0,500.0,-500.0,-500.0
16,-1.37065,-4.6650715,-6.954635,-1.209652,-3.1547954,2.1689212,-2.3243856,-3.6295702,5.7841525,-9.386108,5.884688,3.7162793,0.24972782,0.33252236,0.0110487575,0.12605648,0.204583,-0.9706985,0.0,0.0,0.0,-0.42849207,0.01438758,0.0029804707,0.069961786,-0.15302563,0.16060163,-0.13930117,0.74134475,-0.0071166754,-0.05607319,-0.23354775,0.18519403,0.12308668,-0.25121596,-0.059939194,-0.02281845,0.35343564,0.3163392,0.17760925,-0.09499541,-0.14046614,-0.026513627,-0.3936345,0.20700684,-1.37065,-4.6650715,-6.954635,-1.209652,-3.1547954,2.1689212,-2.3243856,-3.6295702,5.7841525,-9.386108,5.884688,3.7162793,-500.0,155.0740504542016,500.0,-500.0,-500.0,500.0,-500.0,387.66896511106904,500.0,-500.0,500.0,-500.0
17,-2.751056,5.8983536,-1.129988,-1.9748363,1.4974124,2.5954614,3.1116002,-8.655541,1.7608751,-5.468438,-1.3808496,-4.646091,0.5730118,0.7556704,0.13968953,0.14808409,0.18595284,-0.9713355,0.0,0.0,0.0,-0.4325546,-0.034051076,-0.037151217,0.05667007,-0.15135008,0.16352004,-0.17035328,0.7021454,0.032271445,-0.13022685,-0.17866772,0.17332569,0.14965412,-0.22502756,-0.31264836,-0.10295023,0.18112402,-0.18090814,-0.27182055,-0.2490464,0.29872653,-0.5183785,0.07779356,-0.23919247,-2.751056,5.8983536,-1.129988,-1.9748363,1.4974124,2.5954614,3.1116002,-8.655541,1.7608751,-5.468438,-1.3808496,-4.646091,500.0,-500.0,179.7122174073735,-500.0,500.0,500.0,500.0,-260.28504885959444,-500.0,417.0581296770358,-500.0,500.0
18,-4.1866612,3.577014,-4.6281996,1.2573493,1.025625,3.431095,1.7394841,-6.3224754,4.454162,-1.4587837,0.7530586,-1.1673557,0.5121057,0.14807571,0.12872882,0.16313024,0.16396552,-0.9728843,0.0,0.0,0.0,-0.46297216,-0.06367303,-0.06042993,0.028864384,-0.17715621,0.17796789,-0.14981574,0.62741333,0.046360075,-0.18714213,-0.22291476,0.116457954,-0.20157745,-0.09502838,0.009925726,-0.19927633,-0.33173987,0.24769604,-0.07566563,-0.4130861,0.23527098,-0.24350564,-0.4190745,-0.4664525,-4.1866612,3.577014,-4.6281996,1.2573493,1.025625,3.431095,1.7394841,-6.3224754,4.454162,-1.4587837,0.7530586,-1.1673557,500.0,500.0,-418.3976681238137,-500.0,342.7814979576892,-500.0,-500.0,-368.76308466737373,500.0,-500.0,-500.0,-500.0
19,-2.9031527,7.0776367,-4.78588,-1.7960882,0.52682143,-0.49660262,-1.0641512,-6.53782,6.398858,-3.7917957,1.3607938,-1.7182047,0.27730888,0.21924275,-0.10808899,0.1740812,0.14970793,-0.9732848,0.0,0.0,0.0,-0.49396813,-0.051913988,-0.09468824,0.039164305,-0.18358153,0.16264339,-0.14660016,0.5463637,0.07097012,-0.203228,-0.22581822,0.0834548,-0.12828799,0.14436509,-0.1509829,0.040396538,0.16656318,-0.28940126,-0.20012538,-0.38862005,0.29818556,-0.049854856,-0.28481314,0.03129008,-2.9031527,7.0776367,-4.78588,-1.7960882,0.52682143,-0.49660262,-1.0641512,-6.53782,6.398858,-3.7917957,1.3607938,-1.7182047,500.0,500.0,500.0,-415.4505919541382,-500.0,500.0,-500.0,-500.0,500.0,231.2171944892948,-500.0,-500.0
20,-3.9581811,7.3925233,-4.5767126,-1.8952022,0.45844752,4.5788817,1.7238231,-6.2956944,9.536619,-5.3042526,3.776063,-1.3484399,0.2568142,0.77115,-0.2699347,0.19633688,0.13873143,-0.97067267,0.0,0.0,0.0,-0.52281266,0.0018574595,-0.14344937,0.022359729,-0.20420069,0.15951753,-0.16447446,0.46260902,0.10959846,-0.23476517,-0.22540802,0.033822697,0.047606453,0.30471048,-0.3050905,-0.036983807,-0.29233518,0.17615996,0.062111404,-0.39276212,0.025302682,-0.062581144,0.19817598,-0.4431761,-3.9581811,7.3925233,-4.5767126,-1.8952022,0.45844752,4.5788817,1.7238231,-6.2956944,9.536619,-5.3042526,3.776063,-1.3484399,500.0,500.0,-10.215924619252291,-500.0,500.0,-500.0,-500.0,-191.93638969578296,500.0,260.03109059534955,-500.0,500.0
21,-3.6229272,6.5397677,-1.538888,-3.61001,2.9008315,-0.9997414,2.0097718,-3.4200757,7.1505365,-0.96177936,1.4510298,2.7699158,0.2569117,0.035409123,-0.52420604,0.21059792,0.1355074,-0.9681355,0.0,0.0,0.0,-0.5522363,0.07186457,-0.17820519,0.00048029423,-0.16389543,0.19354898,-0.12944832,0.3988116,0.1480208,-0.28320968,-0.060879946,-0.03168941,0.03714969,0.19842495,-0.171619,0.08152982,0.20182478,-0.5962012,-0.25103113,-0.2964524,0.5445183,-0.32313216,0.39779472,0.05363326,-3.6229272,6.5397677,-1.538888,-3.61001,2.9008315,-0.9997414,2.0097718,-3.4200757,7.1505365,-0.96177936,1.4510298,2.7699158,500.0,500.0,-398.8749690936793,500.0,-500.0,500.0,500.0,229.70354608580328,-500.0,500.0,500.0,-500.0
22,-4.472597,3.5256457,2.586222,-4.525339,4.537175,5.0970755,2.8225245,-3.0338852,6.592185,-3.2079818,1.7445018,1.0558945,0.07595392,0.058605112,-0.4265493,0.21055415,0.13806847,-0.96778303,0.0,0.0,0.0,-0.5576376,0.1343439,-0.18368644,-0.032298684,-0.13635778,0.13091104,-0.062752865,0.36473772,0.15683168,-0.26568687,-0.18976855,-0.04576998,-0.24272053,0.36138502,-0.003210901,-0.16329123,-0.1392072,-0.12668693,0.07728687,-0.1603197,0.16675268,0.007418733,-0.5173542,0.26813096,-4.472597,3.5256457,2.586222,-4.525339,4.537175,5.0970755,2.8225245,-3.0338852,6.592185,-3.2079818,1.7445018,1.0558945,-179.77111485948865,-500.0,500.0,500.0,500.0,-500.0,-500.0,500.0,500.0,-500.0,-500.0,500.0
23,-5.0572453,1.3602715,5.4781084,-2.851701,3.7170002,0.4798641,1.5406054,0.4184975,0.16143598,2.4698923,-2.9730668,-2.2018166,0.21386068,-0.33270085,-0.81832445,0.19239934,0.1349318,-0.97199583,0.0,0.0,0.0,-0.5651555,0.16267744,-0.15514064,-0.07560372,-0.10665697,0.16454408,-0.020351078,0.3202986,0.21826845,-0.288491,-0.15839696,-0.048965592,0.124678925,0.06785491,0.043490812,-0.04470696,0.36822113,0.2923716,0.37815744,-0.2067647,0.24086528,-0.11199421,-0.0325876,-0.20887299,-5.0572453,1.3602715,5.4781084,-2.851701,3.7170002,0.4798641,1.5406054,0.4184975,0.16143598,2.4698923,-2.9730668,-2.2018166,-500.0,500.0,-252.20624329687368,22.247735379976575,-363.2240351880057,-500.0,-500.0,-500.0,500.0,-500.0,500.0,500.0
24,-5.781339,-4.413759,6.453184,0.83273065,3.723945,5.137117,1.1905638,3.364963,-1.7860662,0.6581002,-2.392141,4.9410143,-0.18282881,-0.29306322,-0.41865155,0.17954592,0.13731338,-0.97411925,0.0,0.0,0.0,-0.5800948,0.18357617,-0.11109811,-0.10068309,-0.07836658,0.09062305,-0.02040709,0.3043054,0.24606848,-0.23897398,-0.33529657,-0.077023916,-0.32173747,0.14074332,0.30307734,-0.09079368,-0.024953857,-0.17016901,0.10785861,-0.033050474,0.0683031,0.20240071,-0.48289585,0.24932574,-5.781339,-4.413759,6.453184,0.83273065,3.723945,5.137117,1.1905638,3.364963,-1.7860662,0.6581002,-2.392141,4.9410143,500.0,-205.8358585561889,-500.0,500.0,500.0,500.0,500.0,113.45066405299349,-500.0,-320.4510256515624,-500.0,-500.0
25,-4.860233,-6.4127765,3.7761493,-0.43334174,0.38639802,3.986343,-0.15443742,4.6574044,-1.1675984,0.20811366,-1.2342055,0.63557076,-0.2271857,-0.5160608,-0.31197572,0.1536417,0.15104784,-0.97651356,0.0,0.0,0.0,-0.6660517,0.18521494,-0.04179418,-0.09221959,0.011638641,0.15854082,0.065619305,0.31718403,0.22919482,-0.16285491,-0.37094456,-0.0037105053,-0.22341254,-0.111465536,0.32826117,-0.014520298,0.45146713,0.3648382,0.103186846,0.09191804,0.029250508,0.24234667,0.025410509,0.34863442,-4.860233,-6.4127765,3.7761493,-0.43334174,0.38639802,3.986343,-0.15443742,4.6574044,-1.1675984,0.20811366,-1.2342055,0.63557076,-500.0,336.4575594455416,500.0,-500.0,500.0,500.0,-83.72346190534495,-490.1756787346408,-500.0,-500.0,500.0,500.0
26,-5.1074095,-7.6426435,4.1078763,1.6020728,2.075638,3.2472777,-0.20449555,5.9904137,-2.46732,-0.16855378,-1.7302337,0.7191731,-0.16558191,-0.12772043,-0.08410228,0.1432985,0.15947269,-0.9767466,0.0,0.0,0.0,-0.6785115,0.14843126,-0.0032969117,-0.09402859,0.039686263,0.17938933,0.079603955,0.3463687,0.22027242,-0.14619088,-0.34836322,0.0038352055,0.05168709,-0.23989514,0.1024011,0.050375123,-0.05974535,-0.0710953,0.23432319,0.17776537,-0.15158294,0.028618848,-0.06832789,-0.16239224,-5.1074095,-7.6426435,4.1078763,1.6020728,2.075638,3.2472777,-0.20449555,5.9904137,-2.46732,-0.16855378,-1.7302337,0.7191731,-150.08910763629865,-500.0,500.0,-82.77700211845308,500.0,500.0,-500.0,206.20426625453456,-500.0,-500.0,500.0,500.0
27,-3.3011456,-6.4380345,-0.63043714,2.9801915,0.3683787,1.1907114,-1.5466025,4.465707,-1.8709103,-0.7913985,-1.2501132,1.0839082,-0.31382474,-0.12598203,0.28271845,0.13157207,0.16662481,-0.9772026,0.0,0.0,0.0,-0.71663165,0.083335154,0.03258568,-0.07343769,0.08334577,0.22645351,0.08898983,0.3903198,0.198632,-0.13897967,-0.31690472,0.026632488,-0.1637601,-0.28611657,0.09182562,0.18448745,0.4112166,0.43265602,0.04482049,0.26456782,-0.19605976,-0.002347512,0.30769295,0.30204484,-3.3011456,-6.4380345,-0.63043714,2.9801915,0.3683787,1.1907114,-1.5466025,4.465707,-1.8709103,-0.7913985,-1.2501132,1.0839082,500.0,-500.0,-500.0,500.0,-500.0,-500.0,500.0,353.0151813186162,-500.0,-441.3197970826142,-500.0,-500.0
28,-1.6061194,-6.891232,-2.3784397,2.6980176,-0.46709603,1.5272897,-2.6505873,2.4251487,-1.7885557,-3.181289,0.4520126,1.5741876,-0.06256095,-0.10063719,0.31306097,0.13284217,0.16580212,-0.9771707,0.0,0.0,0.0,-0.71549696,0.012793606,0.03078878,-0.045969486,0.10992336,0.25608954,0.05178562,0.41998953,0.17861289,-0.14588332,-0.31427687,0.029197596,0.100749195,-0.36429647,0.069958374,0.051671054,-0.060372896,-0.041633382,-0.31920987,0.15967241,0.02890322,-0.13032638,-0.18165644,-0.1849749,-1.6061194,-6.891232,-2.3784397,2.6980176,-0.46709603,1.5272897,-2.6505873,2.4251487,-1.7885557,-3.181289,0.4520126,1.5741876,500.0,500.0,-397.86660406481224,500.0,500.0,500.0,-99.503275122156,500.0,-500.0,-500.0,500.0,500.0
29,-1.1482464,-4.717653,-5.3964534,0.10203707,-0.6397597,1.5449933,-1.1134037,-4.3055186,2.2024682,-6.899816,3.0074503,0.3505951,0.2086911,0.4583533,0.268181,0.14513598,0.15665495,-0.9769313,0.0,0.0,0.0,-0.7040712,-0.05590008,0.0027452111,-0.013731718,0.08982462,0.3041116,0.028378466,0.4288215,0.14617485,-0.1707499,-0.2920763,0.054587018,0.13836126,-0.30919197,-0.22886308,0.22361939,0.09592321,0.43065187,0.02720792,0.030721797,-0.31133923,-0.0568389,0.30709586,0.32667977,-1.1482464,-4.717653,-5.3964534,0.10203707,-0.6397597,1.5449933,-1.1134037,-4.3055186,2.2024682,-6.899816,3.0074503,0.3505951,500.0,-307.0218695191502,500.0,-500.0,-500.0,-500.0,-500.0,149.26110508749298,500.0,-500.0,-500.0,-500.0
30,-2.1817656,2.6001806,-1.2725537,-1.4825253,3.4387481,0.17130654,2.185496,-10.727799,0.8851327,-5.4664116,0.6117198,-3.72501,0.56675845,0.5530726,0.31773743,0.16844566,0.137142,-0.97612405,0.0,0.0,0.0,-0.7061406,-0.10719934,-0.04764253,-0.0068542957,0.055439234,0.32720813,-0.011207181,0.4081121,0.1376642,-0.23793244,-0.29298514,0.06561995,-0.15683022,-0.2124851,-0.32577384,0.066343956,-0.35877308,-0.10308545,-0.16655086,-0.18126686,0.030087298,-0.41104326,-0.2134304,-0.12194326,-2.1817656,2.6001806,-1.2725537,-1.4825253,3.4387481,0.17130654,2.185496,-10.727799,0.8851327,-5.4664116,0.6117198,-3.72501,-40.578705284093985,500.0,-500.0,500.0,500.0,500.0,500.0,-79.08659878406638,-500.0,500.0,500.0,500.0
31,-3.9248366,3.9812138,0.17840141,0.8235755,3.7555802,0.20134513,2.0738096,-10.424906,-0.2879914,-1.7348891,-2.2291937,-3.5481641,0.46312204,0.33450046,-0.07282848,0.18265149,0.11587202,-0.9763258,0.0,0.0,0.0,-0.7120505,-0.14033432,-0.07176715,-0.025881886,0.09201455,0.35419163,0.0019493592,0.3574093,0.12844837,-0.28699064,-0.2786712,-0.011483699,0.058689833,-0.105526686,-0.022687797,-0.1343538,-0.053585906,0.31589913,0.28695786,-0.29566562,-0.124789,-0.2124956,0.26504776,-0.5593709,-3.9248366,3.9812138,0.17840141,0.8235755,3.7555802,0.20134513,2.0738096,-10.424906,-0.2879914,-1.7348891,-2.2291937,-3.5481641,-500.0,500.0,-459.6847110901972,500.0,-500.0,-500.0,500.0,-500.0,500.0,-303.5443973594661,-500.0,-500.0
32,-3.0886838,0.9783182,0.9578,0.14047098,4.165421,-1.9408907,-1.1194519,-4.4894314,-1.0753273,2.2016616,-0.8454574,4.2269154,0.3017228,0.26103213,0.31575456,0.19169948,0.100776635,-0.976266,0.0,0.0,0.0,-0.7417864,-0.13581154,-0.073504806,-0.023029566,0.13428551,0.35117623,0.026445772,0.2893878,0.112668395,-0.30044007,-0.28402704,-0.060321406,-0.30481833,0.13339044,-0.020060007,0.049238175,0.3964061,-0.23426592,0.031190498,-0.37565154,-0.0058923587,-0.16368599,-0.2216212,-0.034155533,-3.0886838,0.9783182,0.9578,0.14047098,4.165421,-1.9408907,-1.1194519,-4.4894314,-1.0753273,2.2016616,-0.8454574,4.2269154,500.0,500.0,500.0,-158.53357413730203,-500.0,500.0,500.0,-500.0,-500.0,-85.29840179502798,500.0,-500.0
33,-3.2254798,-4.922083,-3.7139559,4.000746,-1.333482,5.165668,-2.0225956,-2.4825566,2.9943042,-3.2736664,2.5917041,2.9780326,0.1529388,0.10457848,0.13166739,0.2029367,0.09169357,-0.9748892,0.0,0.0,0.0,-0.72965664,-0.1202442,-0.058286726,-0.01997912,0.15488565,0.36693972,0.0044362736,0.23223497,0.08737123,-0.27514255,-0.268238,-0.0121689765,0.21767545,0.01894026,0.1788164,-0.04588229,-0.09094956,0.28507283,-0.25885364,-0.25040445,-0.006469062,0.06226483,0.26925984,0.42859945,-3.2254798,-4.922083,-3.7139559,4.000746,-1.333482,5.165668,-2.0225956,-2.4825566,2.9943042,-3.2736664,2.5917041,2.9780326,-500.0,500.0,45.79180541187867,199.95028410246988,500.0,-500.0,-500.0,-500.0,500.0,-500.0,-500.0,500.0
34,-1.6290659,-2.6592479,-9.476869,-0.18222654,-4.3924637,1.6549127,-1.0925931,-4.490081,6.2874036,-7.629335,6.5569496,1.2023654,0.62187916,-0.4342481,0.52912843,0.19668938,0.078227036,-0.97734016,0.0,0.0,0.0,-0.7588587,-0.1423895,-0.0670712,0.033152938,0.08608568,0.4038619,-0.060015485,0.18936314,0.11332327,-0.27888286,-0.24175626,0.039793473,-0.33005366,-0.28475645,-0.19000308,0.430099,-1.1157802,0.7709279,-0.7510472,-0.25456175,0.17850749,0.1424648,0.64201635,0.69592744,-1.6290659,-2.6592479,-9.476869,-0.18222654,-4.3924637,1.6549127,-1.0925931,-4.490081,6.2874036,-7.629335,6.5569496,1.2023654,500.0,-500.0,500.0,-500.0,-500.0,500.0,-500.0,191.5696389504351,500.0,-500.0,500.0,500.0
35,-1.8137538,7.64346,-7.1846557,-2.5130856,-0.4745404,-1.7844023,3.9779227,-10.030181,8.226907,-4.6405244,3.8829355,-3.6639283,0.5262957,-0.0015894879,0.0069087176,0.18822001,0.051469557,-0.9807773,0.0,0.0,0.0,-0.73734415,-0.20000084,-0.10854304,0.09062469,-0.11185801,0.44335335,-0.19311352,0.14210057,0.14004296,-0.27937257,-0.17911923,0.037501637,0.20438479,-0.20588532,-0.23026533,0.17588767,-0.580921,0.29232764,-0.4593732,-0.17286971,0.060142513,-0.07339023,0.13143937,-0.20896871,-1.8137538,7.64346,-7.1846557,-2.5130856,-0.4745404,-1.7844023,3.9779227,-10.030181,8.226907,-4.6405244,3.8829355,-3.6639283,-140.64006296131603,-500.0,-500.0,500.0,-500.0,500.0,-500.0,-500.0,500.0,-500.0,500.0,500.0
36,-2.1801925,9.660687,-2.4033592,-2.6353712,2.901714,-4.652802,3.2792814,-8.11024,4.168842,0.76730716,-0.3828138,-1.5532459,0.9068045,0.14171782,-0.38483512,0.18982503,0.03182089,-0.98130214,0.0,0.0,0.0,-0.7278503,-0.21848056,-0.16446626,0.07234168,-0.086076856,0.41499493,-0.17802528,0.08818356,0.1510641,-0.3135743,-0.090759575,-0.015048109,0.2491523,-0.07937212,-0.26601407,-0.25705266,-0.04681904,-0.37163138,0.15616627,-0.36386284,0.051572718,-0.14566839,0.63414407,-0.057507057,-2.1801925,9.660687,-2.4033592,-2.6353712,2.901714,-4.652802,3.2792814,-8.11024,4.168842,0.76730716,-0.3828138,-1.5532459,447.479680544399,500.0,-500.0,-500.0,500.0,500.0,500.0,416.1403388008207,500.0,-500.0,-500.0,-500.0
37,-0.4644025,6.4258127,-0.47637874,0.6109497,2.4929986,-1.5561634,3.2420945,-3.3348403,0.3198125,1.7964976,-0.28377062,3.859753,0.0,0.0,0.0,0.18093573,0.0005876624,-0.98349476,0.0,0.0,0.0,0.0,0.0,0.0,0.0,0.0,0.0,0.0,0.0,0.0,0.0,0.0,0.0,0.0,0.0,0.0,0.0,0.0,0.0,0.0,0.0,0.0,0.0,0.0,0.0,-0.4644025,6.4258127,-0.47637874,0.6109497,2.4929986,-1.5561634,3.2420945,-3.3348403,0.3198125,1.7964976,-0.28377062,3.859753,500.0,500.0,-500.0,-500.0,-500.0,-500.0,-167.9334569773032,-500.0,500.0,500.0,500.0,500.0
38,0.31781152,2.066444,3.5912938,-1.3428335,2.5925825,5.8599663,1.8385968,0.0959602,1.2172905,-1.5418509,-3.2166677,1.0282897,-0.082401775,0.21128896,-0.11482407,0.1832431,-0.0026179033,-0.9830642,0.0,0.0,0.0,-0.7091854,-0.14321221,-0.21477169,0.040662408,0.017513752,0.3387805,-0.059745,-0.03213466,0.18450099,-0.2648735,-0.10055584,0.0038755594,0.028156683,0.45918012,-0.11626654,0.097087614,-0.10469983,-0.46886015,-0.035920646,-0.14226829,-0.059856422,0.23462024,0.2146108,0.2827579,0.31781152,2.066444,3.5912938,-1.3428335,2.5925825,5.8599663,1.8385968,0.0959602,1.2172905,-1.5418509,-3.2166677,1.0282897,-500.0,500.0,-500.0,47.11126435422443,500.0,500.0,500.0,-500.0,-500.0,500.0,500.0,-500.0
39,-4.3320236,-4.3573976,1.1952724,-0.7197441,2.0670736,1.5724398,1.3440416,1.8848212,1.649899,0.25007558,-0.052798808,1.1500382,-0.23921774,-0.08541107,-0.37858018,0.1771369,0.010616025,-0.98412895,0.0,0.0,0.0,-0.66271615,-0.08803442,-0.18064266,0.023383617,0.052398205,0.3895389,-0.03575823,-0.037357125,0.20955563,-0.2621634,-0.113123775,-0.0015403313,0.17419998,0.22840181,0.1125262,-0.017493557,0.36237296,0.0711087,0.20921293,-0.012585175,0.07651084,-0.021392101,-0.24024181,-0.2271401,-4.3320236,-4.3573976,1.1952724,-0.7197441,2.0670736,1.5724398,1.3440416,1.8848212,1.649899,0.25007558,-0.052798808,1.1500382,-500.0,500.0,-150.8176219964157,490.058977621798,-500.0,-500.0,-439.1746929529206,-105.58193756557785,-500.0,187.83354653913193,500.0,500.0
40,-4.547637,-6.2649713,0.9493366,0.97458214,1.2444797,2.274219,-0.8040662,0.63873297,0.8254467,-2.061557,0.15239483,0.8393469,-0.10666297,-0.3175056,0.04164409,0.16646244,0.018749284,-0.9858695,0.0,0.0,0.0,-0.6732862,-0.061585486,-0.1581105,0.018777728,0.06791836,0.34970716,-0.03175761,-0.029781945,0.22463965,-0.24532127,-0.102844715,0.006031502,-0.08071642,0.040904894,0.05003653,0.054176785,-0.11354677,-0.3795752,-0.097933784,0.04222889,0.03537982,0.17499073,0.24683909,0.21834217,-4.547637,-6.2649713,0.9493366,0.97458214,1.2444797,2.274219,-0.8040662,0.63873297,0.8254467,-2.061557,0.15239483,0.8393469,-500.0,-500.0,-500.0,500.0,500.0,-500.0,500.0,144.56224369896535,-500.0,-447.5068089482415,-500.0,-500.0
41,-3.0519702,-4.7831793,-5.1844826,1.6307328,-1.6856616,0.20937,-1.8690612,-2.6190774,2.331952,-3.21255,3.128697,1.112801,0.08829071,-0.49524826,-0.18870528,0.15380935,0.017609067,-0.98794365,0.0,0.0,0.0,-0.6828026,-0.08310648,-0.14456737,0.020992517,0.10225648,0.3378942,-0.020706797,-0.026596032,0.23698539,-0.24774766,-0.10702503,-0.009003856,-0.0712667,-0.21395734,0.14100699,-0.04837344,0.36386335,0.15488395,0.1620643,0.034267522,0.1677325,-0.15366922,-0.20749795,-0.27484593,-3.0519702,-4.7831793,-5.1844826,1.6307328,-1.6856616,0.20937,-1.8690612,-2.6190774,2.331952,-3.21255,3.128697,1.112801,-44.5005860008323,-500.0,-500.0,500.0,-500.0,-500.0,-500.0,118.49978982454797,-500.0,500.0,500.0,500.0
42,-2.067498,0.5988159,-4.963193,-1.115699,-1.1732395,0.20756035,-0.4499253,-6.7495427,2.9963653,-2.7362864,1.8848557,-0.8390801,0.5111384,0.024891125,0.06954766,0.14639683,-0.0020740898,-0.9892238,0.0,0.0,0.0,-0.6985747,-0.13706757,-0.17686892,0.046709657,0.050652146,0.27079648,-0.048775055,-0.05300542,0.2451551,-0.26911998,-0.09031606,-0.00506,-0.16653383,-0.16619676,-0.26238164,0.10419481,-0.465587,-0.3518709,-0.14386392,-0.14070255,0.028392194,-0.15884824,0.2696116,0.2174845,-2.067498,0.5988159,-4.963193,-1.115699,-1.1732395,0.20756035,-0.4499253,-6.7495427,2.9963653,-2.7362864,1.8848557,-0.8390801,-128.90230460122916,-500.0,500.0,-372.61587168417515,500.0,500.0,500.0,500.0,431.3621384563682,-500.0,-500.0,-500.0
43,-2.428137,3.6261108,0.036874473,-0.3331894,1.6118054,-2.372003,3.72303,-7.542368,0.0040438287,0.14451282,-2.1214514,-0.7592633,0.60652184,0.012724664,-0.24443813,0.14605469,-0.026570892,-0.9889196,0.0,0.0,0.0,-0.6969554,-0.16379575,-0.21349102,0.033600092,0.017171204,0.25518048,-0.041024085,-0.100239,0.2590459,-0.29038823,-0.09801936,-0.014371507,0.15022962,-0.08684054,-0.1265004,-0.14562017,0.02914451,0.103533424,0.16873896,-0.2555567,0.15032706,-0.2217334,-0.23918812,-0.22624771,-2.428137,3.6261108,0.036874473,-0.3331894,1.6118054,-2.372003,3.72303,-7.542368,0.0040438287,0.14451282,-2.1214514,-0.7592633,-500.0,452.8608466205869,-447.1855313981505,-35.961773735415136,-500.0,-500.0,-500.0,-248.90917051835402,500.0,49.271660863518036,500.0,500.0
44,-1.469282,2.4116685,0.13097578,0.13387698,1.0149505,-1.607897,1.5985405,-2.3077667,-1.1861708,3.0823827,-5.553007,0.6601734,0.37942773,-0.014655249,-0.3776303,0.15085441,-0.043993447,-0.9875766,0.0,0.0,0.0,-0.7055636,-0.13995484,-0.23541647,0.02207756,0.07141513,0.20967303,-0.008012093,-0.1596616,0.25283897,-0.28157377,-0.08641487,0.003509107,-0.19160281,0.23975265,-0.0180959,-0.06957524,0.44863087,-0.44726378,0.27994326,-0.30977586,0.07020479,-0.04795025,0.25104636,0.3025704,-1.469282,2.4116685,0.13097578,0.13387698,1.0149505,-1.607897,1.5985405,-2.3077667,-1.1861708,3.0823827,-5.553007,0.6601734,370.70459039789563,500.0,500.0,-500.0,500.0,500.0,500.0,-163.6618614448439,500.0,-500.0,-500.0,-500.0
45,-2.3624153,-1.0498804,5.1517205,-3.8048155,3.6687477,5.4607983,1.814982,-0.14598417,-1.063137,0.9793231,-5.6216016,1.3908247,-0.01789478,-0.17509443,-0.41574863,0.14969578,-0.043027606,-0.9877954,0.0,0.0,0.0,-0.6875517,-0.103600316,-0.21705431,0.021557212,0.100759625,0.18298157,0.013298684,-0.18869711,0.23600882,-0.24018753,-0.13780957,-0.0002487706,0.22624142,0.10047753,0.1843128,-0.07766294,-0.043198742,0.076794975,0.016844394,-0.09676604,-0.014389949,0.11568337,-0.02384214,-0.22616704,-2.3624153,-1.0498804,5.1517205,-3.8048155,3.6687477,5.4607983,1.814982,-0.14598417,-1.063137,0.9793231,-5.6216016,1.3908247,-500.0,500.0,500.0,68.12242109769429,500.0,-500.0,500.0,-446.03722429917025,500.0,-500.0,500.0,500.0
46,-4.838197,-1.5104194,5.0651093,1.6295291,2.230786,4.059536,2.679201,2.1755593,-1.9213032,2.1087422,-3.7685902,1.3587614,-0.12516372,-0.46784854,-0.46543732,0.14003903,-0.036079943,-0.9894884,0.0,0.0,0.0,-0.67474794,-0.09547434,-0.15565681,-0.022644997,0.14925158,0.2621429,0.030209947,-0.1901649,0.23048985,-0.22277975,-0.19640422,0.009030314,0.0317405,-0.056598056,0.39996704,-0.29523805,0.43548605,0.61047834,0.17855692,0.035397373,0.09893379,-0.04466489,-0.48131248,0.2323116,-4.838197,-1.5104194,5.0651093,1.6295291,2.230786,4.059536,2.679201,2.1755593,-1.9213032,2.1087422,-3.7685902,1.3587614,500.0,-500.0,220.10070549878952,-438.24232034227697,-500.0,500.0,-500.0,102.90075827534622,496.9860991742603,-500.0,500.0,-500.0
47,-3.2323844,-2.3658695,3.1826956,2.1430223,0.44436115,2.2930903,1.4236621,4.483784,-1.0919416,0.36045903,-3.5210438,-1.3394254,-0.3755325,-0.22028963,-0.3995671,0.12771712,-0.0213067,-0.99158174,0.0,0.0,0.0,-0.69273454,-0.09625835,-0.10862893,-0.016456485,0.17522454,0.3093171,0.03440587,-0.16329706,0.20671427,-0.18933463,-0.23199171,-0.0069643003,-0.255908,0.051404048,0.14675167,0.17695703,-0.07255145,0.011898469,-0.08571837,0.16103922,-0.21999939,0.22897689,0.02333236,-0.28043446,-3.2323844,-2.3658695,3.1826956,2.1430223,0.44436115,2.2930903,1.4236621,4.483784,-1.0919416,0.36045903,-3.5210438,-1.3394254,-148.75140299817,-500.0,500.0,-453.04875011628883,500.0,500.0,500.0,500.0,500.0,-464.0429001880424,-500.0,500.0
48,-5.6949472,-1.773872,5.711858,-3.5197065,2.6526544,2.6750436,-1.8519562,3.8210976,-2.2072427,1.1200093,-2.0055835,1.5450233,-0.42183593,-0.5453744,-0.6272495,0.11096377,-0.0006028431,-0.99382424,0.0,0.0,0.0,-0.70065284,-0.111453444,-0.05988866,0.006367326,0.21898293,0.35706484,0.05821125,-0.11561212,0.19871229,-0.17966902,-0.28585416,-0.0066057323,0.088012554,-0.1555241,0.30155668,0.052982714,0.39344567,0.44514236,0.24597506,0.23482926,0.056306567,-0.04405462,-0.46495482,0.19816193,-5.6949472,-1.773872,5.711858,-3.5197065,2.6526544,2.6750436,-1.8519562,3.8210976,-2.2072427,1.1200093,-2.0055835,1.5450233,-500.0,500.0,-328.90556087266805,500.0,-500.0,-500.0,-500.0,-33.310260853058935,-500.0,183.11840817226016,500.0,-500.0
49,-3.6798615,-2.6779947,0.69509226,1.8541777,-0.42023176,0.71136135,-0.20384681,6.202802,0.66438293,3.2918782,-2.7279377,0.2629069,-0.43057323,-0.042858873,-0.49530208,0.1015981,0.016243683,-0.9946929,0.0,0.0,0.0,-0.7187962,-0.121372886,-0.0015298724,-0.0189538,0.24158746,0.38603294,0.041721318,-0.0729367,0.16426468,-0.15530252,-0.318484,-0.02672797,-0.19975992,0.024556546,0.2081219,-0.061791074,-0.08138273,-0.062007654,0.03908698,0.24165387,-0.27279386,0.21132265,0.036036637,-0.29374847,-3.6798615,-2.6779947,0.69509226,1.8541777,-0.42023176,0.71136135,-0.20384681,6.202802,0.66438293,3.2918782,-2.7279377,0.2629069,500.0,-500.0,500.0,-500.0,470.7962311973777,500.0,500.0,-187.47272187547787,500.0,-500.0,-500.0,500.0
50,-5.364477,-2.1903224,6.2621303,-2.8768165,2.8715494,3.2407675,-1.1938428,5.087905,-1.8838307,0.29620332,-2.27933,1.7352085,-0.23671702,-0.47815838,-0.21319693,0.08714972,0.032974154,-0.99564934,0.0,0.0,0.0,-0.72994417,-0.14451337,0.022064626,0.0048503876,0.21209252,0.37655717,0.022602098,-0.014628672,0.14961517,-0.12424111,-0.37385005,-0.031318605,0.087496184,-0.19569062,0.09593986,0.07833475,0.061913688,0.15606022,-0.19381772,0.25413233,0.025465926,0.14849107,-0.4848651,0.1676904,-5.364477,-2.1903224,6.2621303,-2.8768165,2.8715494,3.2407675,-1.1938428,5.087905,-1.8838307,0.29620332,-2.27933,1.7352085,-500.0,500.0,-500.0,500.0,-500.0,-500.0,500.0,280.17408917529247,-500.0,500.0,500.0,-500.0
51,-2.0414033,-0.94957733,-1.4447746,-0.764287,-1.2922659,-1.5423135,0.26818365,5.365121,0.3273722,4.5721755,-3.500308,0.015446529,-0.42076284,-0.4669601,0.17096464,0.078305304,0.046880193,-0.99582654,0.0,0.0,0.0,-0.7892325,-0.15760083,0.056203663,-0.013970971,0.26576632,0.3741012,-0.003744242,0.04649701,0.1333443,-0.09294438,-0.42057806,-0.017001422,-0.61455804,-0.113162994,-0.00018892875,0.16206825,-0.03395712,0.35851008,-0.43691716,0.32665667,-0.13571781,0.3735865,-0.5640296,0.6382701,-2.0414033,-0.94957733,-1.4447746,-0.764287,-1.2922659,-1.5423135,0.26818365,5.365121,0.3273722,4.5721755,-3.500308,0.015446529,500.0,-292.97253432348793,-298.83939534007294,-500.0,500.0,500.0,-500.0,-280.92191533725463,500.0,51.044569269560725,-500.0,500.0
52,-2.2988174,-0.96113086,3.4821825,0.038093116,-0.6297303,0.671465,-0.16089165,6.338094,-1.7524134,-0.49629444,-3.8644679,-3.0109181,-0.12023902,-0.038207944,-0.15176353,0.06573291,0.058093157,-0.9961448,0.0,0.0,0.0,-0.80644286,-0.17213441,0.051645756,-0.011939526,0.16133547,0.38046992,-0.04176421,0.09880619,0.122035444,-0.06707454,-0.43994182,-0.057907455,0.034625392,0.008117424,-0.063842975,-0.103324465,-0.50907725,0.06163252,-0.23072623,0.22112821,-0.004315982,0.024936754,-0.111335635,-0.29178086,-2.2988174,-0.96113086,3.4821825,0.038093116,-0.6297303,0.671465,-0.16089165,6.338094,-1.7524134,-0.49629444,-3.8644679,-3.0109181,-500.0,-500.0,500.0,-500.0,500.0,500.0,-500.0,500.0,-500.0,384.5812848956873,-361.6131013443926,500.0
53,-1.7838935,0.0943858,0.5041059,-0.063570425,-0.7939962,-3.762568,-0.6806849,6.229863,-2.1336823,1.3394333,-2.514536,1.5729401,-0.35886857,-0.03254578,-0.447014,0.062512055,0.07936722,-0.9948835,0.0,0.0,0.0,-0.77413684,-0.16616489,0.06588483,-0.0023362637,0.044990778,0.233809,-0.027176162,0.17384873,0.1084106,-0.06920481,-0.5240571,-0.09851323,-0.016483983,-2.5477164e-05,0.10826594,-0.09608707,-0.21847832,-0.29422912,0.15398294,0.3084523,-0.10210997,-0.023624225,-0.027115738,0.19625138,-1.7838935,0.0943858,0.5041059,-0.063570425,-0.7939962,-3.762568,-0.6806849,6.229863,-2.1336823,1.3394333,-2.514536,1.5729401,92.22839748109845,500.0,-500.0,-400.0198332409819,500.0,-500.0,500.0,-500.0,500.0,500.0,-500.0,500.0
54,-2.8325782,-1.6736593,2.6936822,-2.5895114,-0.08614832,1.0394157,-1.7205149,6.707021,-2.523711,0.24375872,-1.1448116,-1.0564686,-0.71932805,0.42516106,-0.415977,0.06727387,0.09118176,-0.9935593,0.0,0.0,0.0,-0.71336716,-0.14612722,0.072250366,0.0046304464,0.020657778,0.19427602,-0.054985147,0.23925719,0.07523763,-0.04830134,-0.5500358,-0.092803575,0.6981242,0.24147736,0.09165674,0.08905269,-0.7062338,-0.77749014,-0.36225694,0.44176364,-0.21171737,0.23291111,0.111280635,0.4998817,-2.8325782,-1.6736593,2.6936822,-2.5895114,-0.08614832,1.0394157,-1.7205149,6.707021,-2.523711,0.24375872,-1.1448116,-1.0564686,-500.0,412.50665699620475,500.0,-254.86220483024312,500.0,500.0,500.0,-500.0,-500.0,-500.0,500.0,500.0
55,-3.7736537,-4.4490705,1.5351825,-1.4685711,0.08471125,3.4723706,0.8988686,6.2559223,-0.6974232,0.20674746,1.5726285,1.2305355,-0.20319216,-0.08817932,-0.08068342,0.07172935,0.10876338,-0.9914764,0.0,0.0,0.0,-0.688803,-0.14833878,0.097186446,-0.021062851,-0.035104334,0.19234869,-0.09560228,0.2989181,0.058389664,-0.026388884,-0.5464849,-0.14426236,0.0010639797,-0.10799438,0.25158462,-0.24392216,-0.61114717,0.22094627,-0.5581688,0.34456378,-0.060151614,0.2509285,0.61812085,-0.6046888,-3.7736537,-4.4490705,1.5351825,-1.4685711,0.08471125,3.4723706,0.8988686,6.2559223,-0.6974232,0.20674746,1.5726285,1.2305355,500.0,369.66664236724074,120.39323031877846,-28.578675136207377,-500.0,-500.0,-281.1519247942354,500.0,-500.0,500.0,500.0,500.0
56,-3.943632,-4.568683,4.699109,-2.0221925,2.9843087,0.44790325,-0.48323715,6.4209943,-2.3341527,0.6385446,0.8465728,5.7740173,-0.57302856,-0.08817683,-0.40308934,0.06151082,0.12059574,-0.9907942,0.0,0.0,0.0,-0.71744645,-0.20448971,0.12671429,-0.013740063,-0.03248304,0.5183079,-0.040245302,0.3830642,-0.013148308,0.041530967,-0.1666159,-0.011744307,0.22062536,-0.27739048,-0.15199691,0.57793486,0.80191296,1.6737835,0.40924865,0.48127413,-0.4203488,0.23118077,2.0973694,0.8585412,-3.943632,-4.568683,4.699109,-2.0221925,2.9843087,0.44790325,-0.48323715,6.4209943,-2.3341527,0.6385446,0.8465728,5.7740173,-39.689646544371016,-500.0,500.0,-500.0,-60.4564317406362,153.6388169817673,-500.0,500.0,-500.0,207.2387579010262,500.0,-311.1286613201759
57,-1.2678984,-2.0742683,0.6400272,3.621288,2.8912249,-0.6665608,-1.3168743,0.31021398,0.34449783,-4.1700273,5.063999,4.744982,-0.30519268,-0.17887051,-0.031791624,0.04862098,0.14628544,-0.9880468,0.0,0.0,0.0,-0.7180492,-0.24849358,0.15577912,0.0058225393,-0.008128643,0.59958476,-0.04355943,0.46180722,-0.029374361,0.046612978,-0.03868133,0.027055675,0.15142357,-0.19521895,0.23854499,-0.17590056,0.3212292,0.22375667,0.1768852,0.24763525,-0.22977243,0.113390446,-0.3292162,0.41370675,-1.2678984,-2.0742683,0.6400272,3.621288,2.8912249,-0.6665608,-1.3168743,0.31021398,0.34449783,-4.1700273,5.063999,4.744982,500.0,500.0,-500.0,500.0,500.0,-500.0,-500.0,-500.0,500.0,-500.0,-500.0,-500.0
58,-0.44305688,0.8056698,-0.22106129,1.4337292,0.7833871,-0.7485145,0.44702756,-3.4298203,-0.58503497,-6.9017897,0.14235193,-1.6452862,-0.25416923,-0.022888549,0.33515778,0.04979955,0.15712608,-0.98632216,0.0,0.0,0.0,-0.70689213,-0.26412827,0.15863734,0.029566526,-0.0020895004,0.5776093,-0.072904505,0.49662542,-0.024476588,0.009498239,0.030204773,0.05516818,0.23637557,-0.034234896,0.032449488,0.1863275,-0.16910605,-0.31261677,-0.28496775,0.112756945,0.16094501,-0.2943048,0.14998251,-0.03942056,-0.44305688,0.8056698,-0.22106129,1.4337292,0.7833871,-0.7485145,0.44702756,-3.4298203,-0.58503497,-6.9017897,0.14235193,-1.6452862,500.0,370.8656796844846,33.84188238315528,-500.0,500.0,500.0,500.0,-500.0,-500.0,476.34428298218575,-500.0,500.0
59,-1.608131,1.1456871,-5.9833956,-2.5752733,1.269808,0.7361372,-0.37018192,-10.280227,3.8643177,-6.0178657,3.3063538,-1.2838657,0.17957348,0.52958804,0.5835462,0.06611584,0.15711911,-0.985364,0.0,0.0,0.0,-0.67097497,-0.25260413,0.14381051,0.041900992,0.024475932,0.571485,-0.06904561,0.48492047,-0.03832555,-0.05867374,0.0030474663,-0.0036453581,-0.03879357,0.06349447,-0.24324596,0.11547816,0.32976195,0.14627212,0.1872282,-0.18473494,-0.24683498,-0.26485705,-0.33065376,-0.46506625,-1.608131,1.1456871,-5.9833956,-2.5752733,1.269808,0.7361372,-0.37018192,-10.280227,3.8643177,-6.0178657,3.3063538,-1.2838657,376.4541745659058,356.8638010128734,109.57865571108294,500.0,-500.0,-500.0,-500.0,-500.0,500.0,-500.0,-500.0,-500.0
60,-2.0356607,4.389669,2.5417056,0.9292201,5.8774147,-2.0084255,4.146058,-13.961129,-1.6069795,-7.4331546,-1.8142605,-1.1624311,0.6467614,0.6040371,0.7788445,0.09149975,0.13411921,-0.9867319,0.0,0.0,0.0,-0.6963694,-0.23764803,0.08749354,0.009550691,0.07677877,0.46306106,-0.12003639,0.4461263,-0.044076443,-0.083695054,0.04283148,-0.078229524,-0.5301687,0.13567887,-0.36734226,-0.35759842,0.86558247,-1.3418161,-0.48657584,-0.09791045,0.044985335,-0.061754562,0.51750106,-0.9742815,-2.0356607,4.389669,2.5417056,0.9292201,5.8774147,-2.0084255,4.146058,-13.961129,-1.6069795,-7.4331546,-1.8142605,-1.1624311,-500.0,500.0,-500.0,500.0,500.0,500.0,500.0,-500.0,-500.0,500.0,-500.0,-500.0
61,-2.7530663,-10.818591,4.607795,-1.7140658,9.582433,8.347764,7.9287806,-11.363686,-1.7597991,7.306541,0.7634024,8.302529,0.18214922,0.24011366,0.27561444,0.11210775,0.12406084,-0.98592126,0.0,0.0,0.0,-0.7151467,-0.18995582,0.053566933,-0.021739602,0.13389999,0.29235014,-0.05360721,0.41966024,-0.08263725,-0.09429777,-0.06775105,-0.18025388,0.0063280137,0.101218246,-0.101436175,0.053759277,0.023912432,-0.7974157,0.46309933,-0.16766249,-0.11336724,-0.090402365,-0.6542332,-0.46714875,-2.7530663,-10.818591,4.607795,-1.7140658,9.582433,8.347764,7.9287806,-11.363686,-1.7597991,7.306541,0.7634024,8.302529,-500.0,500.0,-500.0,-500.0,500.0,-500.0,-14.796350651086865,-500.0,500.0,-500.0,500.0,-500.0
62,-4.0072603,-4.795791,-2.6261039,-0.58393025,1.0477073,1.7622732,0.7660732,-3.3592231,1.6147587,8.368872,-4.6436925,2.6015928,1.5925627,-0.6862117,0.13411503,0.10790583,0.092750974,-0.989825,0.0,0.0,0.0,-0.75104475,-0.2687509,0.039278686,-0.060192704,0.2516119,0.43929976,0.09181472,0.30192775,-0.1380251,-0.02722466,-0.023132265,-0.12836364,-0.1045535,-0.689994,-0.11479137,-0.23906851,0.580153,1.556076,1.0647956,-0.8810429,-0.34878257,0.5125907,0.8109186,0.09708008,-4.0072603,-4.795791,-2.6261039,-0.58393025,1.0477073,1.7622732,0.7660732,-3.3592231,1.6147587,8.368872,-4.6436925,2.6015928,500.0,-500.0,500.0,500.0,-500.0,500.0,-500.0,-500.0,500.0,-500.0,500.0,500.0
63,0.24315292,0.1562483,-4.326224,-4.019087,1.6326811,0.5355645,-0.634689,-4.913205,1.7669598,-0.52542764,-2.9218273,10.852069,0.42921734,-0.5458597,0.5900684,0.07970922,0.041903578,-0.995937,0.0,0.0,0.0,-0.76407045,-0.35229957,0.020780921,-0.059865713,0.22979003,0.49119365,0.13360396,0.21507625,-0.12370759,0.048861384,-0.07565826,-0.060470738,0.04339471,-0.2529766,0.04746857,-0.02919077,0.0843551,0.0564285,0.06329181,-0.2059915,0.15789403,0.30454928,-0.6511997,0.51129454,0.24315292,0.1562483,-4.326224,-4.019087,1.6326811,0.5355645,-0.634689,-4.913205,1.7669598,-0.52542764,-2.9218273,10.852069,95.32928144870945,-500.0,500.0,-500.0,500.0,500.0,500.0,-500.0,-500.0,500.0,500.0,-500.0
64,-1.3335203,2.6774948,-6.922873,-2.1722898,-1.9328799,-0.2806584,1.1546192,0.26137823,1.6100482,3.35341,-4.109123,0.7238375,0.39298373,0.6206214,0.6525592,0.091120526,0.01953715,-0.9956482,0.0,0.0,0.0,-0.74528563,-0.35641244,-0.007761717,-0.08808744,0.19674456,0.44059014,0.1219745,0.15920936,-0.110007465,0.051831484,-0.1052348,0.08827341,-0.06840115,0.1441037,-0.2909199,-0.12716845,-0.346064,-0.4701967,-0.19570284,-0.23027723,0.08521891,-0.15227903,-0.3880649,0.9314666,-1.3335203,2.6774948,-6.922873,-2.1722898,-1.9328799,-0.2806584,1.1546192,0.26137823,1.6100482,3.35341,-4.109123,0.7238375,500.0,500.0,500.0,-500.0,500.0,500.0,500.0,500.0,280.7626262846718,-500.0,-500.0,500.0
65,2.3063915,4.9756484,-2.1807199,1.0550735,-0.80329555,1.6098572,2.8310788,0.27822742,1.9020905,-0.72324866,-3.924568,-1.3735331,0.308719,0.3523676,0.17788859,0.11175025,0.01185717,-0.9936656,0.0,0.0,0.0,-0.74036133,-0.3207239,-0.06501132,-0.10207403,0.18814564,0.40276924,0.120730534,0.14379452,-0.10062337,0.061437964,-0.12973851,0.13343607,0.16563235,0.08259451,-0.21445976,-0.18986541,0.16274723,0.014527433,0.06499694,-0.11623388,0.053445753,0.20015214,0.0562683,0.41730657,2.3063915,4.9756484,-2.1807199,1.0550735,-0.80329555,1.6098572,2.8310788,0.27822742,1.9020905,-0.72324866,-3.924568,-1.3735331,-500.0,500.0,-349.9661962521543,46.599929572436395,-500.0,-500.0,-500.0,500.0,500.0,-500.0,-500.0,500.0
66,3.5100641,2.732684,-3.0500033,3.5055482,-1.5199699,-0.34493473,3.570728,2.0135784,1.7790837,-1.8633037,-4.1177945,0.51115763,-0.31845218,0.3588359,0.03934427,0.12884496,0.020258164,-0.9914578,0.0,0.0,0.0,-0.6720184,-0.27193356,-0.09577769,-0.09580338,0.1581214,0.41085085,0.16208158,0.1473405,-0.07524413,0.051891923,-0.17621553,0.124309085,0.51056737,0.24215579,-0.061089244,0.06284314,-0.3589613,-0.15917869,0.3436383,-0.016833523,0.1546524,-0.11091403,-0.42487356,0.21956809,3.5100641,2.732684,-3.0500033,3.5055482,-1.5199699,-0.34493473,3.570728,2.0135784,1.7790837,-1.8633037,-4.1177945,0.51115763,500.0,-448.1973560341148,51.579139065761865,-500.0,500.0,500.0,500.0,-500.0,151.84964895546466,417.3410197287285,500.0,500.0
67,2.4312675,-0.014730126,-8.127632,2.3153055,-5.178398,-0.11087226,0.7580912,0.73631924,6.581021,-7.3662896,1.1334107,2.2858815,-0.4724156,0.46168768,0.3702881,0.144442,0.033752885,-0.98893744,0.0,0.0,0.0,-0.60023236,-0.2273088,-0.13593835,-0.05624211,0.14417076,0.42814282,0.19755363,0.16207634,-0.052930474,0.035552382,-0.20104629,0.10604514,0.17219724,0.29337367,-0.29274517,0.26065025,0.12319785,0.23804513,0.068751305,0.1350634,0.054145362,-0.022030426,0.07350489,-0.2954033,2.4312675,-0.014730126,-8.127632,2.3153055,-5.178398,-0.11087226,0.7580912,0.73631924,6.581021,-7.3662896,1.1334107,2.2858815,500.0,-179.3542079116778,500.0,277.9765432401819,-500.0,-500.0,500.0,-500.0,51.15618693060355,-500.0,-500.0,500.0
68,-0.8449047,5.042175,-8.037322,-0.55578274,-5.14873,0.19308333,2.4884589,-1.0195088,7.958181,-4.79638,2.5649056,0.53036356,-0.102930054,0.36813086,0.4472654,0.16306412,0.035521377,-0.9859758,0.0,0.0,0.0,-0.49519408,-0.21388529,-0.1982311,-0.028151155,0.115388155,0.4219707,0.17456411,0.1629597,0.0067691207,-0.03267455,-0.18203396,0.10690956,0.29656127,0.083736174,-0.3270255,0.08925688,-0.33144772,-0.22990255,-0.257351,0.035055384,0.42348337,-0.47808358,0.28536627,0.19297971,-0.8449047,5.042175,-8.037322,-0.55578274,-5.14873,0.19308333,2.4884589,-1.0195088,7.958181,-4.79638,2.5649056,0.53036356,-500.0,497.60515254298207,-319.0722886741727,500.0,500.0,500.0,-500.0,500.0,-500.0,500.0,500.0,-500.0
69,-1.6198289,9.773104,-9.567296,-1.8907641,-3.4258409,-0.43656215,3.978927,-4.4456205,10.935273,-5.7446966,2.9660954,-1.3776985,-0.070262775,0.3744362,0.3824631,0.17942713,0.034564096,-0.9831639,0.0,0.0,0.0,-0.49665523,-0.167137,-0.27396303,-0.030925632,0.10717744,0.42786324,0.19004743,0.15082188,0.06870568,-0.08738077,-0.18613708,0.09151554,-0.15095226,0.33649498,-0.43848187,0.057041932,0.14723498,0.19923243,-0.06270897,-0.051759124,0.33460885,-0.18969011,-0.22537558,-0.27056888,-1.6198289,9.773104,-9.567296,-1.8907641,-3.4258409,-0.43656215,3.978927,-4.4456205,10.935273,-5.7446966,2.9660954,-1.3776985,-500.0,-58.10147599815639,500.0,3.293432065464458,-500.0,-500.0,-486.37957113356157,500.0,500.0,-500.0,500.0,500.0
70,-2.2943447,11.3674965,-4.518878,-2.2288065,-0.44638425,-1.91707,3.6315558,-4.2630024,8.372587,-0.74239993,-1.3311222,-0.061757475,0.07131708,0.33726993,-0.36305007,0.19385259,0.03206393,-0.98050654,0.0,0.0,0.0,-0.49756894,-0.08822761,-0.35088283,-0.04570341,0.08089411,0.40430704,0.21857789,0.11522247,0.15524906,-0.1486175,-0.17745507,0.10180009,0.12650685,0.44066864,-0.41641513,0.009193758,-0.32241932,-0.33647642,0.35301962,-0.21422915,0.43666324,-0.257621,0.22089171,0.26166487,-2.2943447,11.3674965,-4.518878,-2.2288065,-0.44638425,-1.91707,3.6315558,-4.2630024,8.372587,-0.74239993,-1.3311222,-0.061757475,-272.7166764171508,500.0,-500.0,434.7862733422185,500.0,500.0,-500.0,-212.50956286959342,22.378697285544604,500.0,-500.0,-500.0
71,-1.906993,8.671346,0.36227256,-3.2231295,3.2662845,-1.880638,3.1992707,-2.2011044,5.962588,0.2509411,-3.7947297,-0.43397155,0.005080678,0.020302894,-0.30326384,0.20010713,0.031786617,-0.97925824,0.0,0.0,0.0,-0.513357,0.025389332,-0.3976161,-0.074252605,0.071846604,0.39243543,0.2596994,0.07291132,0.23467988,-0.15622938,-0.19055545,0.09574035,-0.19825785,0.65020835,-0.13690625,-0.12753917,0.13690965,0.12389733,0.1035076,-0.19055632,0.47056672,-0.090172485,-0.2554078,-0.22375894,-1.906993,8.671346,0.36227256,-3.2231295,3.2662845,-1.880638,3.1992707,-2.2011044,5.962588,0.2509411,-3.7947297,-0.43397155,500.0,500.0,-227.35173560291787,500.0,-500.0,-500.0,500.0,-103.5008798664444,493.41048470449914,493.66899914036776,500.0,500.0
72,-4.0182657,0.07517502,9.497541,-4.842282,8.811307,3.4589725,3.778981,-1.0185361,1.7687973,0.871092,-7.485432,0.72081983,-0.13798463,-0.05615775,-0.67565167,0.19578786,0.039765187,-0.9798397,0.0,0.0,0.0,-0.49708396,0.11884127,-0.39294833,-0.10982931,0.07948983,0.36458227,0.28289288,0.04888652,0.30277896,-0.14517605,-0.17853212,0.10694505,0.21745367,0.39656016,0.08200573,-0.21090756,0.21926509,-0.32274538,0.2673963,-0.1213749,0.27293336,0.024095407,0.27146676,0.2582124,-4.0182657,0.07517502,9.497541,-4.842282,8.811307,3.4589725,3.778981,-1.0185361,1.7687973,0.871092,-7.485432,0.72081983,-500.0,500.0,241.6752102883661,136.16045196401,500.0,500.0,-500.0,-39.24904412589785,107.58074887323755,-369.8789720161688,-500.0,-500.0
73,-5.8258533,-5.0984015,9.852131,3.8491879,5.613546,7.2294273,6.115102,1.5971167,-2.6022031,1.9010277,-5.4082737,0.58584404,-0.009944379,-0.41529784,-0.36622173,0.18302466,0.04742116,-0.98196393,0.0,0.0,0.0,-0.5005579,0.18331249,-0.3411042,-0.16341758,0.1775747,0.3638841,0.31383952,0.035261292,0.3535049,-0.123570204,-0.2549588,0.09741242,-0.046158474,0.2051479,0.3416997,-0.29102877,0.6695735,0.21025136,0.05301059,-0.1142437,0.2547159,0.07936559,-0.17084096,-0.24239214,-5.8258533,-5.0984015,9.852131,3.8491879,5.613546,7.2294273,6.115102,1.5971167,-2.6022031,1.9010277,-5.4082737,0.58584404,500.0,-500.0,325.2277664806984,-120.51302820338879,500.0,-500.0,500.0,-212.97874744889668,-500.0,-403.8432094756974,500.0,500.0
74,-5.4089794,-5.7305417,6.3293533,4.398396,2.9754179,5.6066103,3.315801,2.7355635,-3.0821347,0.9605672,-5.1782594,0.7232634,-0.2699013,-1.0466065,-0.6179435,0.15001258,0.058534455,-0.9869498,0.0,0.0,0.0,-0.5358349,0.20993286,-0.24886018,-0.17076409,0.24656284,0.4634551,0.37826002,0.04982434,0.39890653,-0.093563676,-0.33951753,0.106478535,-0.24576662,0.06415193,0.5367536,0.12034184,0.12846874,0.6206472,0.47900826,0.16099313,0.2374373,0.11511793,-0.5995047,0.24275711,-5.4089794,-5.7305417,6.3293533,4.398396,2.9754179,5.6066103,3.315801,2.7355635,-3.0821347,0.9605672,-5.1782594,0.7232634,-500.0,-500.0,500.0,89.78253424751392,500.0,500.0,-500.0,-500.0,-500.0,-297.3591940375982,500.0,-500.0
75,-5.1823072,-5.0977592,6.0922184,0.13381606,1.9037101,1.512246,1.1700485,3.7154102,-3.4703195,1.0782948,-4.615649,-2.3161008,-0.20885748,-0.87463945,-0.3631883,0.11539697,0.06877874,-0.99093544,0.0,0.0,0.0,-0.5470011,0.18705876,-0.17694658,-0.12081289,0.253878,0.5253702,0.41394487,0.07014883,0.4262687,-0.07644129,-0.3966486,0.09378892,-0.11712382,-0.16311327,0.38454643,0.27895683,-0.16316324,0.11655456,0.3414838,0.17841896,0.067729816,0.1002452,-0.07628145,-0.2579318,-5.1823072,-5.0977592,6.0922184,0.13381606,1.9037101,1.512246,1.1700485,3.7154102,-3.4703195,1.0782948,-4.615649,-2.3161008,-500.0,-500.0,500.0,500.0,-500.0,395.8799281007823,500.0,500.0,-500.0,-256.91214182993644,-500.0,500.0
76,-5.754407,-4.8071876,4.67915,2.6103444,1.3696337,2.007803,0.32724,2.9478924,-3.1010597,0.16379242,-3.483395,1.1569144,-0.19974668,-0.4258316,0.062446907,0.094813555,0.074069954,-0.9927356,0.0,0.0,0.0,-0.5662216,0.14219311,-0.111644626,-0.10893929,0.28323603,0.49624792,0.43154117,0.09348532,0.41247103,-0.05972278,-0.46540028,0.09752237,0.01728937,-0.26865152,0.28400165,0.072702944,0.3398814,-0.3261755,0.28005037,0.18750645,-0.15741324,0.04756937,-0.52315336,0.21464781,-5.754407,-4.8071876,4.67915,2.6103444,1.3696337,2.007803,0.32724,2.9478924,-3.1010597,0.16379242,-3.483395,1.1569144,-500.0,-500.0,355.16084810194207,500.0,-500.0,-500.0,497.2449610567491,500.0,-500.0,-59.293491367990555,500.0,-500.0
77,-3.2666032,-4.6195464,-0.54927295,4.818097,-0.97043484,0.2792369,0.6776773,4.091458,-1.7676724,0.44909328,-3.9622393,-1.1738199,-0.2806793,-0.5202198,0.4488186,0.08490077,0.08329453,-0.99290174,0.0,0.0,0.0,-0.59479666,0.106099844,-0.07096505,-0.08297312,0.25647032,0.5210248,0.40339148,0.11608263,0.36543646,-0.045369625,-0.54720753,0.11987338,-0.14741296,-0.20067523,0.18621169,0.19891846,0.08325801,0.28598598,0.09325879,0.21390429,-0.16686226,-0.023654241,-0.022215603,0.227912,-3.2666032,-4.6195464,-0.54927295,4.818097,-0.97043484,0.2792369,0.6776773,4.091458,-1.7676724,0.44909328,-3.9622393,-1.1738199,500.0,-500.0,156.30496113707522,406.1007937693986,500.0,-500.0,494.3233411534271,500.0,-500.0,-500.0,-500.0,500.0
78,-2.151131,-3.1616797,-0.34406316,2.4361434,-1.7941747,-1.6700592,0.11500578,3.8575344,-3.0839295,-0.48366576,-3.6286442,-1.0926603,-0.13651225,-0.33682865,0.9473046,0.07014954,0.08939695,-0.99352264,0.0,0.0,0.0,-0.6519722,0.06023382,-0.0607332,-0.012447596,0.17634493,0.48034185,0.3814341,0.15656674,0.32240924,-0.029669523,-0.6459965,0.06460675,-0.27708244,-0.22963765,0.018041676,0.2519719,-0.3867112,-0.20229821,-0.1689255,0.16705121,-0.20141374,0.061977267,-0.48341486,-0.27949017,-2.151131,-3.1616797,-0.34406316,2.4361434,-1.7941747,-1.6700592,0.11500578,3.8575344,-3.0839295,-0.48366576,-3.6286442,-1.0926603,-500.0,-500.0,500.0,250.61798717767124,399.24901029643854,500.0,500.0,424.8751481454285,12.581371300403589,-134.76655076947574,500.0,214.70465827228122
79,-1.4112453,-1.3411195,-0.80728203,2.247731,-1.9211855,-2.7646544,2.2099202,2.3604934,-2.3136907,-3.094582,-3.46108,-0.5222254,-0.28909534,-0.009213716,0.781915,0.069065966,0.095379785,-0.9930421,0.0,0.0,0.0,-0.6455338,0.026128095,-0.061422884,0.0134397745,0.15948868,0.44588935,0.3778789,0.1875186,0.27003598,-0.032227993,-0.68202406,0.068302356,-0.077494,-0.10325302,-0.021514453,0.15279232,0.111954205,0.012373638,0.10493741,0.19373387,-0.36389288,0.07740176,0.045122735,0.21244164,-1.4112453,-1.3411195,-0.80728203,2.247731,-1.9211855,-2.7646544,2.2099202,2.3604934,-2.3136907,-3.094582,-3.46108,-0.5222254,-500.0,500.0,-127.15385172934091,-244.68412686663487,-500.0,-500.0,-500.0,500.0,-96.0967911921482,500.0,-480.5740285891757,-500.0
80,-0.5062715,1.8427877,0.12696576,2.154983,-1.6075473,-1.2667786,1.9510744,1.7307498,-2.2522852,-3.0163364,-2.994444,-1.7526948,-0.21294579,-0.039157543,0.52567804,0.0721135,0.10070476,-0.99229944,0.0,0.0,0.0,-0.64133084,0.007898014,-0.06492752,0.03291166,0.12458134,0.38836992,0.38122675,0.20589468,0.23222184,-0.062136292,-0.7345894,0.05456988,0.11842673,-0.087677844,0.041129787,0.0485042,-0.36879528,-0.48076668,0.20868663,0.11717951,-0.22472477,-0.101379566,-0.4458995,-0.26057702,-0.5062715,1.8427877,0.12696576,2.154983,-1.6075473,-1.2667786,1.9510744,1.7307498,-2.2522852,-3.0163364,-2.994444,-1.7526948,-500.0,500.0,10.020612114868484,175.11681682097128,500.0,500.0,500.0,500.0,-500.0,470.1769179136654,500.0,500.0
81,-0.07755502,3.0782042,0.781003,1.3668313,-1.2287233,-1.1926838,2.4232616,1.3440268,-1.9059981,-3.227353,-3.0437229,-2.040457,-0.2781785,0.12611754,0.75993973,0.079302035,0.111258835,-0.99062234,0.0,0.0,0.0,-0.62696904,0.017033795,-0.0651654,0.053780317,0.10823429,0.3455019,0.3755153,0.21566254,0.19635785,-0.09535539,-0.73511237,0.062306132,-0.06569309,0.088594936,-0.052717008,0.16984586,0.11168863,-0.03648364,-0.21044092,0.004182356,-0.1292484,-0.13105133,0.2265909,0.23529802,-0.07755502,3.0782042,0.781003,1.3668313,-1.2287233,-1.1926838,2.4232616,1.3440268,-1.9059981,-3.227353,-3.0437229,-2.040457,500.0,-119.75396487486887,500.0,-500.0,-500.0,-500.0,500.0,212.0912898260749,-216.04505814777144,339.33040625405283,-488.3739812313195,-500.0
82,-0.691932,0.20069355,-2.3414638,0.7948622,-2.0927033,0.54009795,-0.11917758,2.1004624,-0.77082586,-0.3922959,0.15697592,-1.0540369,-0.5782617,0.09280616,0.3824145,0.085904986,0.12627563,-0.9882686,0.0,0.0,0.0,-0.6081771,0.047414057,-0.052593708,0.063168764,0.07241738,0.2795713,0.37038255,0.22619164,0.16854966,-0.12945497,-0.7481454,0.051593248,0.23584507,0.19782728,0.1339568,-0.015392068,-0.37349126,-0.5224771,0.10511204,0.10647374,-0.13883215,-0.25055248,-0.26017866,-0.24887867,-0.691932,0.20069355,-2.3414638,0.7948622,-2.0927033,0.54009795,-0.11917758,2.1004624,-0.77082586,-0.3922959,0.15697592,-1.0540369,-500.0,376.39660705692404,-500.0,500.0,500.0,500.0,-500.0,-351.13135909572384,500.0,173.27640139721893,500.0,500.0
83,-0.63234013,-0.047872692,-1.9347651,-1.4814991,-1.3482702,0.053154387,-1.0202552,1.1345279,-0.74092126,-1.564012,1.1814058,-0.8180988,-0.23191728,-0.043161187,0.9001314,0.09097394,0.12983614,-0.9873532,0.0,0.0,0.0,-0.5822851,0.052201733,-0.06284654,0.07191694,0.060013175,0.25073293,0.33992922,0.23028651,0.14940155,-0.13779593,-0.7420177,0.057556286,0.02507824,0.037729736,-0.034631338,-0.00013921293,0.14332353,-0.41768262,-0.30983716,0.09549266,-0.0021670677,-0.11472666,0.21824983,0.20873228,-0.63234013,-0.047872692,-1.9347651,-1.4814991,-1.3482702,0.053154387,-1.0202552,1.1345279,-0.74092126,-1.564012,1.1814058,-0.8180988,500.0,500.0,500.0,-500.0,-500.0,-500.0,500.0,471.60094670170537,-127.57925591322964,-500.0,-500.0,-500.0
84,-1.0825515,0.04497218,-3.331673,-0.821838,-0.5404051,1.7044214,1.7883146,0.51683414,0.015673053,1.5725946,1.4254704,-2.7670498,0.07836224,0.23051354,0.5649465,0.099794105,0.12810098,-0.98672754,0.0,0.0,0.0,-0.5406073,0.045708336,-0.08115518,0.057287335,0.032211125,0.22818531,0.31655735,0.23179068,0.1219486,-0.13671625,-0.6791238,0.042365342,0.33167446,-0.07683716,-0.1692348,-0.0054083494,-0.33321005,0.08709643,0.016175006,-0.041182812,-0.22666977,0.08843713,0.12505691,-0.26540622,-1.0825515,0.04497218,-3.331673,-0.821838,-0.5404051,1.7044214,1.7883146,0.51683414,0.015673053,1.5725946,1.4254704,-2.7670498,-500.0,226.0449813014497,104.51620276748099,-142.09075609049205,500.0,-500.0,-500.0,343.7387180794158,500.0,-500.0,500.0,500.0
85,0.8338923,1.3184009,-0.71059424,0.2086694,1.3134046,-4.343916,3.7545712,1.0882139,-0.8572032,-0.4480433,-0.35341108,0.25960553,-0.12401313,-0.046966754,0.89808464,0.10530111,0.124571994,-0.9866071,0.0,0.0,0.0,-0.5159181,0.042333037,-0.102550685,0.047410607,0.025250554,0.18791528,0.30344486,0.23023927,0.1029371,-0.1254276,-0.59895974,0.047222298,-0.021544041,0.05533523,-0.03526291,-0.11208903,0.16192338,-0.40849623,-0.25059113,0.050969757,0.028913429,-0.052781153,0.5862114,0.21307676,0.8338923,1.3184009,-0.71059424,0.2086694,1.3134046,-4.343916,3.7545712,1.0882139,-0.8572032,-0.4480433,-0.35341108,0.25960553,500.0,-494.1096603325441,-500.0,500.0,-500.0,500.0,500.0,-500.0,-500.0,500.0,-500.0,-500.0
86,-0.10540929,0.19911443,-2.980275,2.3924863,-1.1611195,3.6440682,1.7764542,2.842017,-0.24032818,-0.030176714,1.3379934,-0.050958723,-0.5296442,0.1357757,-0.047444463,0.114270926,0.13506836,-0.9842249,0.0,0.0,0.0,-0.43945584,0.07489737,-0.13365316,0.05939877,0.16950947,-0.053865794,0.3460953,0.2557185,0.06472254,-0.10732627,-0.40946192,0.05445134,0.5753304,0.12498919,-0.33385292,0.5168684,0.14485784,-1.4664046,0.38978964,0.19761732,-0.090385266,-0.021182548,0.19513988,-0.25965467,-0.10540929,0.19911443,-2.980275,2.3924863,-1.1611195,3.6440682,1.7764542,2.842017,-0.24032818,-0.030176714,1.3379934,-0.050958723,-500.0,500.0,500.0,-500.0,500.0,-500.0,-500.0,500.0,500.0,-500.0,500.0,500.0
87,0.22631943,-0.15291718,-3.4467168,0.961924,-2.2609267,7.439973,0.6447445,5.871072,-0.67447054,0.26904857,0.8684656,2.152265,-0.077321805,-0.18105097,0.4489252,0.1189502,0.14857973,-0.9817204,0.0,0.0,0.0,-0.37794277,0.08500585,-0.18159795,0.1297065,0.102593005,-0.09552927,0.3688149,0.2781006,0.06379396,-0.09806883,-0.4575109,-0.0011260665,-0.20402737,0.040243186,0.02634102,0.04729411,-0.33135006,-0.032557752,0.08794784,0.074457504,0.09058672,0.0379869,-0.22032729,-0.40349075,0.22631943,-0.15291718,-3.4467168,0.961924,-2.2609267,7.439973,0.6447445,5.871072,-0.67447054,0.26904857,0.8684656,2.152265,500.0,500.0,-122.16344559961878,24.658546290820205,412.5044358307073,-500.0,500.0,57.96820366479416,500.0,-500.0,-500.0,-500.0
88,0.20000544,-1.9617138,-1.0697243,-0.5150521,-1.6848111,1.2757087,0.13794258,8.788917,-0.7880977,0.110570535,0.8000583,1.648466,-0.22551101,0.39925757,0.44400203,0.13583212,0.15725853,-0.97817147,0.0,0.0,0.0,-0.3134048,0.08321926,-0.2324819,0.15384662,-0.018251956,0.0026344203,0.36827302,0.30562854,0.032518566,-0.07604599,-0.40004772,0.14522836,0.40844798,-0.084458075,-0.2756531,0.090603136,-0.794021,0.5027972,0.05556801,0.12267964,-0.17741404,0.08989861,0.292222,0.89478344,0.20000544,-1.9617138,-1.0697243,-0.5150521,-1.6848111,1.2757087,0.13794258,8.788917,-0.7880977,0.110570535,0.8000583,1.648466,-500.0,-500.0,500.0,-500.0,500.0,-500.0,-500.0,-500.0,500.0,425.0871425294647,500.0,500.0
89,-0.5608054,1.0200018,-0.5580977,0.14385042,-0.15208048,-1.450523,2.2037337,9.110953,-0.31341767,-0.3435583,0.01617378,-2.5946147,-0.49965414,-0.1745422,0.74254984,0.13757722,0.168906,-0.97598326,0.0,0.0,0.0,-0.2336268,0.05364816,-0.23529297,0.13638377,-0.042411327,0.016603656,0.33915296,0.36798355,0.038651288,-0.07814169,-0.39906102,0.18212798,0.19838476,-0.07749478,0.051464062,-0.0699169,-0.31731722,-0.36077937,-0.27058828,0.38964105,0.12143528,-0.07584624,-0.18716441,0.36958942,-0.5608054,1.0200018,-0.5580977,0.14385042,-0.15208048,-1.450523,2.2037337,9.110953,-0.31341767,-0.3435583,0.01617378,-2.5946147,-500.0,-284.3869865887309,500.0,-500.0,500.0,-500.0,500.0,-500.0,500.0,-500.0,-500.0,-500.0
90,-0.6083593,1.7342188,-1.713069,0.49540323,-0.2570539,0.9277385,1.6683577,8.7166605,1.2035948,-2.0935857,-0.13523358,-1.6501223,0.0,0.0,0.0,0.14189982,0.1889017,-0.9716896,0.0,0.0,0.0,0.0,0.0,0.0,0.0,0.0,0.0,0.0,0.0,0.0,0.0,0.0,0.0,0.0,0.0,0.0,0.0,0.0,0.0,0.0,0.0,0.0,0.0,0.0,0.0,-0.6083593,1.7342188,-1.713069,0.49540323,-0.2570539,0.9277385,1.6683577,8.7166605,1.2035948,-2.0935857,-0.13523358,-1.6501223,-500.0,-32.43260009803066,144.8093787173037,11.62387105066557,-500.0,-500.0,-500.0,-145.51809001296397,500.0,-500.0,-500.0,500.0
91,0.45145774,0.15224555,-3.1377146,-0.57294905,-2.5932913,1.9177995,-0.38043314,7.282817,2.9716008,-3.2956648,0.9429218,2.4915588,-0.5206066,0.12991482,0.48540777,0.14697449,0.20798276,-0.96702725,0.0,0.0,0.0,-0.1982536,0.07148844,-0.2525378,0.14198172,-0.05813998,0.028772509,0.3513034,0.51122016,0.016015053,-0.095206976,-0.3384282,0.07072973,0.13295199,0.043429714,-0.13574575,0.074515566,0.142936,-0.12524806,0.18874988,0.28216106,-0.15313862,-0.0208268,-0.19037649,-0.0093023395,0.45145774,0.15224555,-3.1377146,-0.57294905,-2.5932913,1.9177995,-0.38043314,7.282817,2.9716008,-3.2956648,0.9429218,2.4915588,500.0,-500.0,-500.0,500.0,500.0,500.0,500.0,-500.0,-500.0,500.0,500.0,500.0
92,-0.28234106,4.7784204,0.852588,-1.5122597,0.58550483,2.1274753,1.8582052,4.774871,-0.6873656,-1.8273078,-1.8863676,-1.8594033,-0.25014058,0.14975186,0.9910151,0.15425448,0.21809494,-0.96365976,0.0,0.0,0.0,-0.20769456,0.07087648,-0.25804394,0.14923859,-0.08030611,0.14367335,0.29485202,0.57026094,0.06409401,-0.15175164,-0.28149027,0.16415052,0.0139374975,-0.08689284,-0.06625564,-0.032246083,-0.0059942785,0.6700623,-0.3271354,0.24541877,0.24667767,-0.30375347,0.2841243,0.46377927,-0.28234106,4.7784204,0.852588,-1.5122597,0.58550483,2.1274753,1.8582052,4.774871,-0.6873656,-1.8273078,-1.8863676,-1.8594033,500.0,2.8589405118988225,-500.0,500.0,500.0,-500.0,500.0,-353.08666088819564,-500.0,156.8974882182266,-500.0,500.0
93,0.10770682,0.7686367,-4.605162,0.97894657,-1.1945734,-1.4547063,3.2817757,4.2939773,2.7392259,-3.2755659,1.128402,0.35549423,-0.9450365,0.03077319,0.3386149,0.16368519,0.23171602,-0.9589134,0.0,0.0,0.0,-0.19860478,0.08617582,-0.25479013,0.15944445,-0.04213482,0.25418422,0.37020752,0.61028224,0.027728736,-0.18018317,-0.32766968,0.0766306,0.23982385,0.08859684,-0.015115023,0.18995267,0.31343013,0.9930212,0.8680841,0.34091088,-0.38459638,-0.24452916,-0.7155225,-1.0239786,0.10770682,0.7686367,-4.605162,0.97894657,-1.1945734,-1.4547063,3.2817757,4.2939773,2.7392259,-3.2755659,1.128402,0.35549423,500.0,-500.0,-500.0,-500.0,500.0,-500.0,500.0,-500.0,-500.0,500.0,-500.0,-500.0
94,0.54428214,5.3879766,1.8363671,-1.0971375,2.0558326,-1.0015409,2.1391206,-1.4741454,-1.345136,-6.296559,-2.7283418,-0.6163417,-1.5940368,-0.23960875,-0.33137476,0.15811354,0.2836436,-0.94580466,0.0,0.0,0.0,-0.07173688,0.12318649,-0.27708918,0.2269057,-0.14330918,0.16070616,0.5587802,0.6991559,-0.023939073,-0.2958895,-0.18247712,-0.05430607,0.8405963,0.25681132,-0.17408036,0.41258645,-0.98621637,-1.4413455,0.96425545,0.5113901,-0.18162821,-0.7785081,1.6695585,-0.22773841,0.54428214,5.3879766,1.8363671,-1.0971375,2.0558326,-1.0015409,2.1391206,-1.4741454,-1.345136,-6.296559,-2.7283418,-0.6163417,277.1283818891312,500.0,500.0,-500.0,414.8285272245169,500.0,310.60255166825425,500.0,-454.84419244775376,-500.0,-385.2598896781969,-500.0
95,1.256482,7.3253675,6.559257,-2.7670057,7.642938,2.383686,2.5448384,-12.468787,-2.777509,-9.99123,0.98250633,4.89797,-0.82721883,0.015723754,0.72095567,0.1524339,0.31734553,-0.9359785,0.0,0.0,0.0,-0.039628997,0.16145824,-0.26332432,0.22957575,-0.12770659,0.08293092,0.6120925,0.7715828,-0.01753664,-0.36490905,-0.09993744,-0.037755586,-0.14184237,0.2604791,0.033070628,-0.06533667,0.4661686,-0.02092615,-0.063241445,0.29514915,0.03948744,-0.14282386,0.22627048,0.29069707,1.256482,7.3253675,6.559257,-2.7670057,7.642938,2.383686,2.5448384,-12.468787,-2.777509,-9.99123,0.98250633,4.89797,317.25924674973453,172.8921545827099,-500.0,95.94958082913108,-435.27868403901726,-500.0,500.0,500.0,500.0,-500.0,500.0,238.7918882765621
96,-3.173161,-0.44467387,2.8625739,-3.4550922,2.6982453,8.004305,2.6899445,-6.3112893,-3.9215252,6.398972,-4.5350323,-0.30099788,-0.8328878,-0.107696496,0.80376536,0.15645708,0.34814084,-0.9242939,0.0,0.0,0.0,-0.034578763,0.22505623,-0.21875435,0.1889298,-0.09434646,0.13508199,0.6417698,0.8133046,-0.017430127,-0.4387436,-0.11013657,-0.009669962,-0.14212425,0.32119173,0.30110767,-0.18480794,-0.015342072,0.44844657,0.02896208,0.1594368,0.044337135,-0.39987573,-0.23204152,-0.039106358,-3.173161,-0.44467387,2.8625739,-3.4550922,2.6982453,8.004305,2.6899445,-6.3112893,-3.9215252,6.398972,-4.5350323,-0.30099788,-500.0,500.0,-328.9421452155898,500.0,500.0,500.0,-500.0,-500.0,-500.0,182.24064268672055,500.0,500.0
97,-2.8275018,-3.5080411,0.7255453,-3.920973,1.8815968,-2.4159389,-0.68908393,0.43541628,0.86223495,8.925118,-4.045745,3.900126,0.17348067,0.4668963,1.2779033,0.18843031,0.34020433,-0.921279,0.0,0.0,0.0,-0.067460574,0.22469468,-0.22369474,0.17608249,-0.063476205,0.14540854,0.6439102,0.7833005,-0.08500463,-0.38334465,-0.25798947,-0.04609481,-0.21896544,-0.05760876,-0.12311913,0.043533843,0.1771547,0.08006691,-0.17675763,-0.17686604,-0.26171312,0.3872651,-0.93080515,-0.013425467,-2.8275018,-3.5080411,0.7255453,-3.920973,1.8815968,-2.4159389,-0.68908393,0.43541628,0.86223495,8.925118,-4.045745,3.900126,-500.0,-263.7646011346942,500.0,469.50609941293646,-466.9235521295109,500.0,-500.0,-500.0,-500.0,-349.33164989862917,-500.0,-500.0
98,-2.1803117,-5.194428,-3.228881,2.6839359,-1.6898017,3.0928984,1.4561868,4.676078,1.5580167,2.464722,-3.391388,2.9689693,1.0340046,0.09905236,1.1463133,0.20590815,0.30414352,-0.93010676,0.0,0.0,0.0,-0.123972006,0.17789537,-0.20142096,0.15297437,-0.053971708,0.14740722,0.494905,0.746815,-0.046912074,-0.23833632,-0.54363245,0.24299145,-0.50502855,-0.24128342,0.18174236,-0.14582057,-0.64855,-0.35303625,-1.2821482,-0.20346498,0.5258054,0.919984,-2.400296,2.4193888,-2.1803117,-5.194428,-3.228881,2.6839359,-1.6898017,3.0928984,1.4561868,4.676078,1.5580167,2.464722,-3.391388,2.9689693,-500.0,500.0,500.0,-500.0,237.15452129211462,500.0,-500.0,500.0,500.0,-500.0,500.0,500.0
99,0.6296465,-1.4008503,-9.461779,3.1900074,-5.3669066,4.7744894,1.8858145,2.1373835,6.3042083,-5.775787,3.1874924,1.4696289,0.4408749,0.029025294,0.8828086,0.22443958,0.27346554,-0.9353307,0.0,0.0,0.0,-0.14921296,0.13611798,-0.21004468,0.16184592,-0.08551973,0.24486412,0.34461844,0.71583027,-0.0129655,-0.09496617,-0.89511544,0.6257059,-0.095179796,-0.18755941,0.05862763,-0.034079295,-0.15723243,0.578819,-0.61790067,-0.0856474,0.13015246,0.659923,-1.6020368,1.8986874,0.6296465,-1.4008503,-9.461779,3.1900074,-5.3669066,4.7744894,1.8858145,2.1373835,6.3042083,-5.775787,3.1874924,1.4696289,-500.0,218.55574674473337,-75.6775141135031,-500.0,-500.0,-500.0,-500.0,-500.0,500.0,500.0,-500.0,500.0
100,-0.074752025,5.8432226,-6.7380233,-1.1314431,-2.4779449,0.4085162,0.28159368,1.8463287,5.6629586,-4.990279,3.5046194,-2.1680036,-0.006041229,0.083148085,0.46619105,0.23219693,0.2655971,-0.9357044,0.0,0.0,0.0,-0.12861298,0.12133106,-0.22982186,0.19093227,-0.17141676,0.30084887,0.29898643,0.7122819,0.02914232,-0.07259977,-0.93178827,0.7167988,0.014510125,-0.028460193,-0.16631132,0.19769143,-0.60708493,0.08170053,0.015986785,-0.010427034,0.25736818,-0.2277729,0.7628128,-0.49436688,-0.074752025,5.8432226,-6.7380233,-1.1314431,-2.4779449,0.4085162,0.28159368,1.8463287,5.6629586,-4.990279,3.5046194,-2.1680036,-500.0,500.0,481.9549837403215,-236.79769197091628,500.0,-500.0,500.0,500.0,-500.0,-500.0,500.0,-500.0
