step,action_0,action_1,action_2,action_3,action_4,action_5,action_6,action_7,action_8,action_9,action_10,action_11,obs_0,obs_1,obs_2,obs_3,obs_4,obs_5,obs_6,obs_7,obs_8,obs_9,obs_10,obs_11,obs_12,obs_13,obs_14,obs_15,obs_16,obs_17,obs_18,obs_19,obs_20,obs_21,obs_22,obs_23,obs_24,obs_25,obs_26,obs_27,obs_28,obs_29,obs_30,obs_31,obs_32,obs_33,obs_34,obs_35,obs_36,obs_37,obs_38,obs_39,obs_40,obs_41,obs_42,obs_43,obs_44
0,1.2060602,1.8438395,-0.49915615,2.1252449,-1.8702323,1.0577466,0.25968996,1.653996,-0.4175696,-0.0075878054,-1.8780506,1.0838248,0.0,0.0,0.0,0.0,0.0,0.0,0.0,0.0,0.0,0.0,0.0,0.0,0.0,0.0,0.0,0.0,0.0,0.0,0.0,0.0,0.0,0.0,0.0,0.0,0.0,0.0,0.0,0.0,0.0,0.0,0.0,0.0,0.0,0.0,0.0,0.0,0.0,0.0,0.0,0.0,0.0,0.0,0.0,0.0,0.0
1,2.1493824,2.8741798,-1.100414,1.1113966,-2.1905024,2.248824,0.19196782,5.2385983,-0.09266807,-0.8866565,-2.311574,0.6108719,0.15607418,-0.09477662,0.026719028,-0.0022918992,-0.00562213,-0.9999815,0.0,0.0,0.0,8.69061e-05,-0.010899444,0.0014104843,0.002413392,0.014278293,0.006805152,5.9447153e-05,-0.011336764,0.0024691224,0.00018334389,0.01718092,0.00687327,0.00021470687,-0.055586465,0.006822426,0.021663165,0.07653754,0.031184947,0.0005700417,-0.057766605,0.011741234,0.006700534,0.10757142,0.03190244,1.2060602,1.8438395,-0.49915615,2.1252449,-1.8702323,1.0577466,0.25968996,1.653996,-0.4175696,-0.0075878054,-1.8780506,1.0838248
2,1.8466682,3.8303347,-1.2660046,0.49448633,-1.9047375,0.7418134,0.65390795,8.676086,-0.33959615,-1.6602125,-2.7557933,-0.069818884,0.2305817,-0.1178418,0.06645924,-0.0068321307,-0.014420532,-0.9998727,0.0,0.0,0.0,0.010941967,-0.027137749,-0.001999259,0.019686699,0.03497702,0.022279698,0.0023488656,-0.027364539,0.0032420158,0.0039411783,0.040565193,0.021848964,0.058225133,-0.082671545,-0.015631024,0.097191475,0.09742564,0.07810076,0.010237589,-0.08295115,0.0052384264,0.015643427,0.106145084,0.075836465,2.1493824,2.8741798,-1.100414,1.1113966,-2.1905024,2.248824,0.19196782,5.2385983,-0.09266807,-0.8866565,-2.311574,0.6108719
3,0.9795286,4.4638658,-0.63935095,0.5714357,-1.4825885,0.29417154,-0.17717373,10.982419,-1.0151663,-0.4029783,-2.910973,-0.20205256,-0.07090102,-0.016645815,-0.011482797,-0.008308576,-0.016354518,-0.9998318,0.0,0.0,0.0,0.03129709,-0.028075185,-0.008528352,0.030249119,0.050478578,0.043630287,0.00390346,-0.03077925,0.0049211383,-1.6093254e-05,0.053521454,0.0266153,0.102070175,0.046404514,-0.038419597,0.04657915,0.06486464,0.10663267,0.007084334,0.020415049,0.00922925,-0.026571674,0.041134793,0.021630494,1.8466682,3.8303347,-1.2660046,0.49448633,-1.9047375,0.7418134,0.65390795,8.676086,-0.33959615,-1.6602125,-2.7557933,-0.069818884
4,0.4723734,3.676948,-0.4391228,0.8381491,-1.5553942,0.29924157,-0.9140947,12.602874,-1.2036339,-0.024646416,-2.7897959,0.5841043,-0.29030034,0.09869818,-0.02897106,-0.0054641417,-0.0075163017,-0.99995685,0.0,0.0,0.0,0.0484568,-0.006478325,-0.01854676,0.03338158,0.06361258,0.0512664,0.009241632,-0.017246947,0.0056229234,-0.010683775,0.055246055,0.024324697,0.08492853,0.12167513,-0.05288924,0.01266166,0.06747335,0.030165894,0.026446665,0.08941365,0.0020994905,-0.061286163,-0.009639534,-0.012871593,0.9795286,4.4638658,-0.63935095,0.5714357,-1.4825885,0.29417154,-0.17717373,10.982419,-1.0151663,-0.4029783,-2.910973,-0.20205256
5,0.43003106,3.2156775,-0.93080074,0.41212922,-1.6124825,0.5245424,-0.78120184,13.402904,-1.113872,0.0021309704,-2.764989,0.31895503,-0.14177686,0.07068222,0.09891751,-0.0025606407,0.00029379738,-0.99999666,0.0,0.0,0.0,0.056533493,0.009212359,-0.02364266,0.037088633,0.07754785,0.052659024,0.007286542,-0.006215791,0.00024998188,-0.01459527,0.05207205,0.021772822,0.03800338,0.052357223,-0.01947269,0.020464778,0.07313027,0.00603772,-0.010527594,0.03685833,-0.032291245,-0.016800068,-0.020035394,-0.012585098,0.4723734,3.676948,-0.4391228,0.8381491,-1.5553942,0.29924157,-0.9140947,12.602874,-1.2036339,-0.024646416,-2.7897959,0.5841043
6,0.45843893,3.2580674,-1.2500737,0.39805245,-1.8464112,0.4661791,-0.8727111,13.730726,-1.0516026,-0.03628777,-2.787619,0.13252887,-0.06941046,0.053140875,0.1621752,-0.0003616536,0.0041441494,-0.9999913,0.0,0.0,0.0,0.059120726,0.016153235,-0.025765836,0.043521404,0.091641545,0.054085005,-0.0017556554,-0.0022016517,-0.008004427,-0.014477849,0.046660483,0.026817814,0.011923622,0.023546597,-0.008430206,0.033484247,0.06631215,0.0073487633,-0.045786455,0.009524729,-0.04258118,0.0016409428,-0.031688213,0.025875121,0.43003106,3.2156775,-0.93080074,0.41212922,-1.6124825,0.5245424,-0.78120184,13.402904,-1.113872,0.0021309704,-2.764989,0.31895503
7,0.46282285,3.2520862,-1.3408253,0.360726,-1.927897,0.3590804,-0.77545786,13.908406,-1.0575176,-0.039273992,-2.8049982,0.100666255,-0.015917491,0.0923743,0.11290855,0.0031506538,0.005637055,-0.99997926,0.0,0.0,0.0,0.06111953,0.018033585,-0.030742228,0.046770573,0.10239667,0.057745654,-0.009386696,-0.0029530113,-0.016525865,-0.014315128,0.038660586,0.029469393,0.009542134,0.00030868067,-0.028800426,0.01290141,0.043371737,0.018483518,-0.037395667,-0.01244428,-0.040780246,0.0016918922,-0.047235727,0.01361868,0.45843893,3.2580674,-1.2500737,0.39805245,-1.8464112,0.4661791,-0.8727111,13.730726,-1.0516026,-0.03628777,-2.787619,0.13252887
8,0.48912978,3.2783775,-1.4329016,0.33728218,-2.0062742,0.34493765,-0.73723626,14.008205,-0.9922804,-0.039358005,-2.8319857,-0.049349934,0.033609416,0.11189529,0.08556965,0.007543701,0.00503046,-0.9999589,0.0,0.0,0.0,0.06325746,0.015601963,-0.03914082,0.049230933,0.10917574,0.06076115,-0.017544081,-0.007765485,-0.024248898,-0.014365315,0.026765645,0.030412037,0.010472466,-0.019972866,-0.044539385,0.011121391,0.03311721,0.01421348,-0.040385958,-0.03174342,-0.037278313,0.00018401907,-0.06776279,0.004482191,0.46282285,3.2520862,-1.3408253,0.360726,-1.927897,0.3590804,-0.77545786,13.908406,-1.0575176,-0.039273992,-2.8049982,0.100666255
9,0.54054534,3.3061912,-1.5787787,0.32210612,-2.0967605,0.3571763,-0.6958178,14.080751,-0.89507425,-0.03680785,-2.8514342,-0.17102972,0.07614542,0.12049248,0.072867714,0.01231441,0.0026430087,-0.9999207,0.0,0.0,0.0,0.06534327,0.009486596,-0.04886961,0.051042914,0.11646533,0.06245393,-0.024508595,-0.016261702,-0.03167826,-0.014321089,0.010707855,0.031000674,0.010201062,-0.03758092,-0.049431365,0.008418289,0.036629286,0.007881946,-0.03408788,-0.049750354,-0.036957268,0.00042689196,-0.08903197,0.0029439142,0.48912978,3.2783775,-1.4329016,0.33728218,-2.0062742,0.34493765,-0.73723626,14.008205,-0.9922804,-0.039358005,-2.8319857,-0.049349934
10,0.5825441,3.3377986,-1.5248919,0.43303475,-2.1480143,0.30621234,-0.7728901,14.113826,-0.9107281,-0.039717004,-2.7811244,-0.20151654,0.003960371,0.13227898,0.056979626,0.017433189,0.00022684452,-0.999848,0.0,0.0,0.0,0.06773001,0.0014455968,-0.059541702,0.05235386,0.124676585,0.06380058,-0.031009767,-0.02306824,-0.039203167,-0.014142394,-0.008623779,0.030113045,0.0125771705,-0.034058493,-0.05439792,0.0049916278,0.042723045,0.006648838,-0.03319085,0.0047867056,-0.039107535,0.0018283097,-0.09678199,-0.0048562796,0.54054534,3.3061912,-1.5787787,0.32210612,-2.0967605,0.3571763,-0.6958178,14.080751,-0.89507425,-0.03680785,-2.8514342,-0.17102972
11,0.6254372,3.2752817,-1.6072512,0.47447282,-2.1784894,0.3201633,-0.71068597,14.1490755,-0.8639803,-0.14138027,-2.744642,-0.18522683,-0.012134216,0.100549035,0.05465938,0.022504125,0.0011196304,-0.9997462,0.0,0.0,0.0,0.070562825,-0.008060605,-0.070292056,0.053339243,0.13414401,0.06521467,-0.03673979,-0.015592693,-0.04652542,-0.013066769,-0.02784735,0.027690299,0.012880216,-0.054196127,-0.043919154,0.004269334,0.049065333,0.0068615205,-0.02408496,0.02602588,-0.03965872,0.023816133,-0.0935451,-0.014913226,0.5825441,3.3377986,-1.5248919,0.43303475,-2.1480143,0.30621234,-0.7728901,14.113826,-0.9107281,-0.039717004,-2.7811244,-0.20151654
12,0.7632681,3.492992,-1.9695702,0.45505488,-2.3264418,0.43935937,-0.5785124,14.172097,-0.74710906,-0.42004395,-2.7456489,-0.11583844,0.118515186,0.056104176,0.058337234,0.024975503,-0.0014821526,-0.99968696,0.0,0.0,0.0,0.073488496,-0.023768889,-0.0781914,0.05527842,0.1431269,0.0659698,-0.042281277,-0.017494906,-0.05361998,-0.006606102,-0.042819858,0.024469975,0.014415196,-0.09766619,-0.041804098,0.010583755,0.042178895,0.0036309902,-0.02812402,-0.028872613,-0.034003463,0.026506677,-0.04415464,-0.014112169,0.6254372,3.2752817,-1.6072512,0.47447282,-2.1784894,0.3201633,-0.71068597,14.1490755,-0.8639803,-0.14138027,-2.744642,-0.18522683
13,0.72329766,3.387241,-1.3330741,0.7245772,-2.3855805,0.29962164,-1.0726577,14.158277,-1.1380044,-0.32842666,-2.1716733,0.23064014,-0.043980792,0.058598414,-0.01788916,0.027371453,-0.0035424568,-0.999619,0.0,0.0,0.0,0.076111585,-0.029947435,-0.0868327,0.05906582,0.15011531,0.066652164,-0.047111366,-0.019592887,-0.059992075,-0.0034546852,-0.041598737,0.02184564,0.013839619,0.0127477,-0.038257446,0.013976949,0.03252055,0.004396181,-0.023609845,0.01795296,-0.03279577,0.014045534,0.036641136,-0.01598311,0.7632681,3.492992,-1.9695702,0.45505488,-2.3264418,0.43935937,-0.5785124,14.172097,-0.74710906,-0.42004395,-2.7456489,-0.11583844
14,0.41462982,3.2180035,-0.7810406,0.4971455,-2.378216,0.27621457,-1.5096703,14.160189,-1.4142312,-0.14995001,-1.7477913,0.14319578,-0.117523395,0.052063636,-0.118907854,0.029716462,0.00014846213,-0.9995583,0.0,0.0,0.0,0.07982424,-0.020049598,-0.09584689,0.061829448,0.15606123,0.068525724,-0.05058001,-0.013615149,-0.06525481,-0.0032286644,-0.028409302,0.02002471,0.01969899,0.08259595,-0.04530805,0.010299529,0.030999346,0.011678756,-0.016804945,0.03842205,-0.020718742,-0.0019431895,0.061246347,-0.008811313,0.72329766,3.387241,-1.3330741,0.7245772,-2.3855805,0.29962164,-1.0726577,14.158277,-1.1380044,-0.32842666,-2.1716733,0.23064014
15,0.2979986,3.0267224,-0.9042422,0.19632375,-2.2427735,0.23298739,-1.3882828,14.283115,-1.2950343,0.18903516,-1.7709675,0.008287162,-0.024114197,0.059701063,-0.032289412,0.031738076,0.0029776308,-0.9994918,0.0,0.0,0.0,0.08368078,-0.005496697,-0.1019935,0.06566858,0.16308892,0.06958776,-0.058868095,-0.0090415515,-0.06975138,-0.0031342506,-0.02131468,0.022325406,0.019483306,0.0558465,-0.027280888,0.021229817,0.037980713,0.005150769,-0.04178445,0.011073469,-0.022422876,-0.0016195348,0.019218916,0.0076944935,0.41462982,3.2180035,-0.7810406,0.4971455,-2.378216,0.27621457,-1.5096703,14.160189,-1.4142312,-0.14995001,-1.7477913,0.14319578
16,0.4600235,2.994687,-1.2813387,0.25804496,-2.2634237,0.2938854,-1.1418631,14.35617,-1.0242307,0.24084778,-1.9975593,0.060273975,0.040978786,0.0765499,0.09249305,0.034712832,0.0020004644,-0.9993954,0.0,0.0,0.0,0.08452419,0.0013316873,-0.103584945,0.06765401,0.1711641,0.07019594,-0.07122035,-0.009434212,-0.075898886,-0.0024083853,-0.02205205,0.02325504,0.003703799,0.01622813,-0.010589296,0.012169095,0.036498364,-0.00069695065,-0.06160861,-0.007866546,-0.031314146,0.004034802,-0.018593132,0.0047354577,0.2979986,3.0267224,-0.9042422,0.19632375,-2.2427735,0.23298739,-1.3882828,14.283115,-1.2950343,0.18903516,-1.7709675,0.008287162
17,0.6591297,3.41895,-1.7812674,0.13985652,-2.3120325,0.35491386,-0.83935916,14.306595,-0.84981024,-0.00033570826,-2.3736634,-0.13633254,0.14056246,0.030200593,0.18432541,0.036057126,-0.0033478686,-0.9993442,0.0,0.0,0.0,0.08467662,-0.0055013327,-0.10381067,0.06869066,0.17481565,0.070153065,-0.08235852,-0.015530105,-0.08234835,-0.0005084276,-0.029740393,0.02272785,-0.0015257905,-0.043850314,-0.0024316586,0.0048894803,0.010642783,-0.00016395136,-0.053421874,-0.03702546,-0.039089743,0.010405547,-0.043183208,-0.0027833136,0.4600235,2.994687,-1.2813387,0.25804496,-2.2634237,0.2938854,-1.1418631,14.35617,-1.0242307,0.24084778,-1.9975593,0.060273975
18,0.7257172,3.3954499,-1.5940354,0.33474886,-2.3612738,0.14761563,-0.88536924,14.398358,-0.9460321,0.055813,-2.197772,-0.122330576,0.097778894,0.018801214,0.08511238,0.036660288,-0.008950188,-0.9992877,0.0,0.0,0.0,0.08610641,-0.014402942,-0.10505712,0.070653796,0.1764291,0.07100583,-0.09056031,-0.0217058,-0.08539951,0.0010223389,-0.037722647,0.022596918,0.008881251,-0.03480012,-0.008703462,0.008183304,0.0019340912,0.005387004,-0.042021025,0.00043453448,-0.0059877606,0.0088404445,-0.011529255,-0.0012840172,0.6591297,3.41895,-1.7812674,0.13985652,-2.3120325,0.35491386,-0.83935916,14.306595,-0.84981024,-0.00033570826,-2.3736634,-0.13633254
19,0.6498841,3.1035733,-1.1727335,0.38598874,-2.350667,-0.039836578,-1.0318873,14.504237,-1.076949,0.17911415,-1.9088545,-0.036959797,0.07866971,0.08482194,-0.01899265,0.039312128,-0.011369059,-0.9991623,0.0,0.0,0.0,0.089378946,-0.01989248,-0.11012405,0.0714246,0.17368388,0.07265975,-0.09548606,-0.014978934,-0.0852083,0.0004658699,-0.033933938,0.020549068,0.015167189,-0.032247584,-0.029265163,0.001879983,-0.02718077,0.008568666,-0.02229205,0.026724482,0.0032537263,-0.0033424702,0.012870306,-0.009862434,0.7257172,3.3954499,-1.5940354,0.33474886,-2.3612738,0.14761563,-0.88536924,14.398358,-0.9460321,0.055813,-2.197772,-0.122330576
20,0.5072792,2.9546056,-0.85303235,0.35552362,-2.3725815,-0.016004732,-1.3287855,14.55716,-1.1178755,0.23223339,-1.6724148,-0.14749911,-0.011186326,0.06850684,-0.020298446,0.042273227,-0.0132678365,-0.99901795,0.0,0.0,0.0,0.09261712,-0.018854648,-0.11554462,0.072044015,0.16594297,0.07231588,-0.100094676,-0.010882164,-0.08443195,0.0010472536,-0.036437213,0.020408656,0.015015838,0.053310234,-0.02737598,0.0019111702,-0.043324374,-0.0026455275,-0.0221822,0.02335042,0.004510364,0.0042338734,-0.011417724,-0.008782635,0.6498841,3.1035733,-1.1727335,0.38598874,-2.350667,-0.039836578,-1.0318873,14.504237,-1.076949,0.17911415,-1.9088545,-0.036959797
21,0.5686678,2.8836465,-1.2305472,0.42604065,-2.4071872,0.055751182,-1.1124287,14.506818,-1.0427171,0.045590267,-1.7363496,0.04483196,0.060592875,0.030558676,0.022583699,0.043913282,-0.015363636,-0.9989172,0.0,0.0,0.0,0.09543034,-0.018852223,-0.11821312,0.07368934,0.15784943,0.0696415,-0.10627687,-0.010578691,-0.084251344,0.0027519464,-0.034567356,0.020020759,0.013685937,-0.015046774,-0.010859723,0.011805156,-0.039801538,-0.013654984,-0.030370375,-0.0069834623,-1.3520073e-05,0.008372255,0.014128955,-0.0047491216,0.5072792,2.9546056,-0.85303235,0.35552362,-2.3725815,-0.016004732,-1.3287855,14.55716,-1.1178755,0.23223339,-1.6724148,-0.14749911
22,0.5946476,2.7912502,-1.2040687,0.67072225,-2.5167634,0.048553444,-1.1728574,14.374602,-1.0427552,-0.32118446,-1.7383742,-0.035638005,-0.080077305,-0.02296578,0.056150567,0.043848835,-0.016290912,-0.9989053,0.0,0.0,0.0,0.09627196,-0.019799754,-0.11811656,0.07570219,0.14862144,0.06679287,-0.11475756,-0.012538845,-0.08507329,0.0052536726,-0.03681928,0.02026093,0.0014356945,0.029120063,0.00405569,0.009058309,-0.047625396,-0.015199455,-0.040928993,0.00068682927,-0.00086164306,0.013065214,-0.009923009,-0.0074522546,0.5686678,2.8836465,-1.2305472,0.42604065,-2.4071872,0.055751182,-1.1124287,14.506818,-1.0427171,0.045590267,-1.7363496,0.04483196
23,0.41836247,2.8885398,-0.82406205,0.46345752,-2.5508287,0.07707191,-1.5927002,14.21639,-1.2719661,-0.22862227,-1.5019662,-0.267391,-0.034615044,-0.030696789,-0.08924973,0.042887703,-0.016275575,-0.9989474,0.0,0.0,0.0,0.09779788,-0.019451821,-0.11887753,0.07860458,0.13959229,0.064977325,-0.121163346,-0.014651725,-0.08616537,0.0076230764,-0.035496593,0.02044178,0.003167012,0.026621837,-0.0020498666,0.012801612,-0.04244385,-0.011361687,-0.029120186,0.0020487192,-0.0034485222,0.017666334,-0.0071137534,0.00042056548,0.5946476,2.7912502,-1.2040687,0.67072225,-2.5167634,0.048553444,-1.1728574,14.374602,-1.0427552,-0.32118446,-1.7383742,-0.035638005
24,0.29021966,2.9868548,-0.83278054,0.22805637,-2.5225523,0.06839619,-1.7304322,14.223643,-1.4102494,0.011784673,-1.3608875,-0.0712128,0.08621625,-0.03680049,-0.11301642,0.041979406,-0.018472848,-0.99894774,0.0,0.0,0.0,0.09948281,-0.020342033,-0.119844556,0.08191216,0.13212347,0.06322521,-0.12759478,-0.01900612,-0.08628696,0.008626223,-0.03551942,0.020675695,0.005292134,0.021923922,-0.0046609365,0.017366033,-0.03219041,-0.009150259,-0.03247915,-0.033154167,0.0025314223,0.0020707042,0.029252602,0.0015080272,0.41836247,2.8885398,-0.82406205,0.46345752,-2.5508287,0.07707191,-1.5927002,14.21639,-1.2719661,-0.22862227,-1.5019662,-0.267391
25,0.36051995,2.8924942,-0.8932455,0.26305032,-2.4055011,0.018924782,-1.4735527,14.362507,-1.1621155,0.16021745,-1.4241672,-0.15048358,-0.040885065,0.015821224,0.025378788,0.04174114,-0.019498026,-0.9989382,0.0,0.0,0.0,0.099803,-0.012268162,-0.11861861,0.08260417,0.12822539,0.061987706,-0.1379435,-0.02051644,-0.08764166,0.010001898,-0.034641683,0.02049572,0.0029654244,0.041796505,0.0076821237,0.0017712768,-0.0150814755,-0.0050842646,-0.051586997,0.016510375,-0.012009543,0.009562607,-0.01187397,0.017598039,0.29021966,2.9868548,-0.83278054,0.22805637,-2.5225523,0.06839619,-1.7304322,14.223643,-1.4102494,0.011784673,-1.3608875,-0.0712128
26,0.4039656,2.8986135,-0.9636101,0.31388456,-2.3729277,0.12784307,-1.461998,14.43236,-1.155248,0.12103984,-1.5216246,-0.052523404,0.050958514,0.04039949,0.03399032,0.042863887,-0.020097034,-0.99887884,0.0,0.0,0.0,0.098796375,-0.008119949,-0.11652452,0.081629515,0.12691766,0.06075023,-0.14953879,-0.020695323,-0.09124279,0.011472583,-0.036999166,0.020134075,-0.003988621,0.0071882866,0.008849677,-0.0062855533,-0.0012264049,-0.006223899,-0.059764206,-0.0054199337,-0.022838635,0.0024877486,-0.016092015,-0.0065692044,0.36051995,2.8924942,-0.8932455,0.26305032,-2.4055011,0.018924782,-1.4735527,14.362507,-1.1621155,0.16021745,-1.4241672,-0.15048358
27,0.51132154,3.0355902,-1.1629593,0.37590593,-2.3642185,0.09572018,-1.3022217,14.399828,-1.090324,-0.027495876,-1.6303318,-0.13442144,0.0042240424,0.0069671576,0.058862,0.04345917,-0.021126172,-0.99883175,0.0,0.0,0.0,0.09873652,-0.008104025,-0.115569234,0.081674814,0.12535042,0.05891187,-0.15834041,-0.019740624,-0.09459889,0.013164878,-0.033595145,0.02090301,0.0011537886,-0.00054637925,0.0017861229,0.002178778,-0.013736864,-0.008363552,-0.04444444,0.01403924,-0.014792578,0.0071397508,0.011397713,0.025596041,0.4039656,2.8986135,-0.9636101,0.31388456,-2.3729277,0.12784307,-1.461998,14.43236,-1.155248,0.12103984,-1.5216246,-0.052523404
28,0.6158899,3.015781,-1.2580292,0.39271605,-2.3181896,0.039138354,-1.0846956,14.370302,-0.94806504,-0.04012589,-1.7059262,-0.24688247,0.006897931,0.015423931,0.10389377,0.04366886,-0.022283826,-0.99879754,0.0,0.0,0.0,0.099036284,-0.010132529,-0.11507112,0.08235419,0.11993003,0.058359116,-0.16647486,-0.0200806,-0.09750688,0.015200496,-0.03662443,0.020865379,0.002608593,-0.0077248225,0.0027657084,0.0012758242,-0.034147676,-0.0016796269,-0.039622705,0.0016632144,-0.016679132,0.013828397,-0.028661722,0.023652004,0.51132154,3.0355902,-1.1629593,0.37590593,-2.3642185,0.09572018,-1.3022217,14.399828,-1.090324,-0.027495876,-1.6303318,-0.13442144
29,0.6011138,2.966529,-1.2354238,0.39864802,-2.2820807,0.0049387906,-1.0792462,14.340266,-1.0167193,-0.08772488,-1.6536076,0.051317066,0.04466747,0.024290854,0.08587043,0.04442737,-0.02360887,-0.9987335,0.0,0.0,0.0,0.10024884,-0.013301667,-0.11550152,0.08324611,0.11176634,0.057711586,-0.17274167,-0.021052536,-0.100531876,0.016147614,-0.03658235,0.019828927,0.007598869,-0.021831969,-0.0031726863,0.0042768805,-0.048531838,-0.0021217826,-0.031012788,-0.0084491465,-0.016694745,0.0036014896,0.012779471,-0.013279529,0.6158899,3.015781,-1.2580292,0.39271605,-2.3181896,0.039138354,-1.0846956,14.370302,-0.94806504,-0.04012589,-1.7059262,-0.24688247
30,0.6378001,3.0130181,-1.2847784,0.4035254,-2.283807,-0.028776666,-1.0275134,14.315848,-0.9622984,-0.16999243,-1.7136657,-0.18720034,0.05260854,0.007924624,0.06518339,0.044988267,-0.02400903,-0.99869895,0.0,0.0,0.0,0.102451965,-0.017890934,-0.11663574,0.08385563,0.10214251,0.056772545,-0.17657639,-0.020539064,-0.10281038,0.017271519,-0.034936905,0.019625792,0.010263656,-0.03487004,-0.0061627147,0.003691775,-0.051142152,-0.004756394,-0.01918964,-0.012490204,-0.0077033276,0.0031372767,-0.010736353,-0.015727676,0.6011138,2.966529,-1.2354238,0.39864802,-2.2820807,0.0049387906,-1.0792462,14.340266,-1.0167193,-0.08772488,-1.6536076,0.051317066
31,0.509136,3.0517027,-1.019481,0.349328,-2.2925668,-0.05302324,-1.310864,14.29044,-1.1434488,-0.10128747,-1.5109482,-0.09739348,0.033905514,-0.027466945,0.02142566,0.045106836,-0.023826206,-0.998698,0.0,0.0,0.0,0.10407472,-0.019832013,-0.117803395,0.08430982,0.090575516,0.055503525,-0.1800414,-0.019899616,-0.104029655,0.01902163,-0.035758376,0.020601321,0.0046785343,0.015380357,-0.003024709,0.0048982226,-0.06164047,-0.006405475,-0.01635111,-0.0184012,0.001665277,0.0077663558,0.025607942,-6.7637266e-05,0.6378001,3.0130181,-1.2847784,0.4035254,-2.283807,-0.028776666,-1.0275134,14.315848,-0.9622984,-0.16999243,-1.7136657,-0.18720034
32,0.518956,2.9815116,-0.99621445,0.38381952,-2.2330718,-0.12229898,-1.1782229,14.306929,-1.0134201,-0.07011895,-1.526365,-0.28260776,-0.08915642,0.0061576217,0.05283698,0.04481778,-0.023884859,-0.99870956,0.0,0.0,0.0,0.10641852,-0.016817722,-0.11977112,0.08460951,0.078633666,0.053870574,-0.18306737,-0.01955862,-0.103814065,0.019817352,-0.036194205,0.020607296,0.012826641,0.028624652,-0.011484671,-0.0005144963,-0.059412222,-0.008041479,-0.013863876,0.032051258,0.00073821534,0.009324602,-0.019261945,0.01923429,0.509136,3.0517027,-1.019481,0.349328,-2.2925668,-0.05302324,-1.310864,14.29044,-1.1434488,-0.10128747,-1.5109482,-0.09739348
33,0.53095055,2.8602533,-1.0496268,0.381176,-2.164668,-0.03238582,-1.1045953,14.319753,-0.9883214,-0.057788983,-1.5337679,-0.04747215,-0.030387072,0.015995331,0.09015962,0.044761356,-0.024277372,-0.99870276,0.0,0.0,0.0,0.10732916,-0.016240697,-0.119847655,0.08434534,0.06774473,0.051861614,-0.18871766,-0.01958649,-0.10440016,0.020743728,-0.0358299,0.02036346,0.0054315208,0.0020835367,-0.00038978178,-0.0027692188,-0.04660681,-0.010440159,-0.02889202,0.016926892,-0.005339532,0.0051822453,-0.010906546,-0.0074023544,0.518956,2.9815116,-0.99621445,0.38381952,-2.2330718,-0.12229898,-1.1782229,14.306929,-1.0134201,-0.07011895,-1.526365,-0.28260776
34,0.5858858,2.8337715,-1.1792259,0.39240092,-2.1778083,0.0018878672,-1.0803802,14.340697,-0.9853857,-0.12532131,-1.5256855,-0.016738087,0.033147514,-0.0059618307,0.08204442,0.04466067,-0.025228865,-0.9986836,0.0,0.0,0.0,0.10826279,-0.01909691,-0.11906397,0.084563494,0.060400426,0.049275484,-0.19289586,-0.020121362,-0.10461664,0.021547914,-0.035250664,0.019968294,0.003282151,-0.021595944,0.0055896374,0.002570388,-0.03193919,-0.012503654,-0.019978281,-0.0077230097,0.00020669645,0.0027980972,0.020526912,-0.0132653685,0.53095055,2.8602533,-1.0496268,0.381176,-2.164668,-0.03238582,-1.1045953,14.319753,-0.9883214,-0.057788983,-1.5337679,-0.04747215
35,0.5624953,2.8554058,-0.98998064,0.40560055,-2.2097137,-0.022788694,-1.2581356,14.364444,-0.9780679,-0.08689721,-1.4575083,-0.35087928,-0.049676917,-0.010062149,0.06499139,0.04463523,-0.024646666,-0.9986993,0.0,0.0,0.0,0.1090984,-0.02050323,-0.11865485,0.08472955,0.055129886,0.047658645,-0.19608901,-0.01817823,-0.10448134,0.02294314,-0.036772013,0.0204481,0.000607632,0.0291928,0.002642964,0.0016118212,-0.022890119,-0.008442189,-0.014757223,0.01419888,0.00507693,0.011316295,-0.024815898,0.018800078,0.5858858,2.8337715,-1.1792259,0.39240092,-2.1778083,0.0018878672,-1.0803802,14.340697,-0.9853857,-0.12532131,-1.5256855,-0.016738087
36,0.4154182,2.8717499,-0.8710193,0.2559265,-2.1333477,0.008555988,-1.4113289,14.3698225,-1.1696664,0.054258183,-1.3897574,-0.04711309,0.036059942,-0.0019752395,0.010758584,0.044512466,-0.024259903,-0.9987142,0.0,0.0,0.0,0.11040564,-0.014004249,-0.11942041,0.08522248,0.051428616,0.046473302,-0.19902644,-0.016842106,-0.10403168,0.02342856,-0.033757627,0.020912131,0.007317876,0.016846612,-0.0043912306,0.0025884055,-0.015876833,-0.0058770776,-0.015068111,-0.005392043,0.0018506907,-0.0001686262,0.011418161,-0.0013539473,0.5624953,2.8554058,-0.98998064,0.40560055,-2.2097137,-0.022788694,-1.2581356,14.364444,-0.9780679,-0.08689721,-1.4575083,-0.35087928
37,0.4274373,2.9518306,-0.95956194,0.1650421,-2.1626358,-0.043577455,-1.4390576,14.456683,-1.1290977,0.13959716,-1.4409521,-0.24108532,0.12839888,-0.00094960484,0.0022207499,0.044103686,-0.028462395,-0.99862146,0.0,0.0,0.0,0.11159273,-0.0148628745,-0.118848205,0.085709095,0.04887986,0.045201782,-0.20359372,-0.021993883,-0.103639364,0.023770332,-0.036552906,0.01947648,0.007151948,-0.014239021,0.002469427,0.0012529419,-0.010744327,-0.0056218817,-0.023418443,-0.02998302,-0.00042414782,0.0022940189,-0.025475765,-0.020480363,0.4154182,2.8717499,-0.8710193,0.2559265,-2.1333477,0.008555988,-1.4113289,14.3698225,-1.1696664,0.054258183,-1.3897574,-0.04711309
38,0.62836975,2.7262764,-1.1413525,0.53991246,-2.1897554,-0.013044557,-1.011631,14.44934,-0.8636666,-0.057440653,-1.4616294,0.14665589,-0.081639595,0.037463244,0.13408323,0.04492769,-0.028629404,-0.99858,0.0,0.0,0.0,0.11172228,-0.015461081,-0.11752927,0.084228516,0.045976043,0.044414736,-0.20934142,-0.019230392,-0.10562867,0.026216984,-0.0357216,0.019953195,0.00035818922,0.0035133306,0.0069536506,-0.008247012,-0.022158401,-0.0038102155,-0.02871201,0.041643664,-0.009936221,0.015578287,-0.008517137,-0.008790932,0.4274373,2.9518306,-0.95956194,0.1650421,-2.1626358,-0.043577455,-1.4390576,14.456683,-1.1290977,0.13959716,-1.4409521,-0.24108532
39,0.6353645,2.8253005,-1.0796971,0.40657544,-2.191433,-0.055251323,-1.1634532,14.396662,-0.9518736,-0.115522936,-1.4488776,-0.23561367,0.059964083,0.012167075,0.08203142,0.045495663,-0.029815197,-0.9985194,0.0,0.0,0.0,0.11147209,-0.019827789,-0.11583191,0.08278358,0.039147973,0.043120373,-0.2151727,-0.018819258,-0.10703945,0.028058052,-0.03562641,0.019572841,-0.0009544321,-0.032357004,0.007793154,-0.0076010847,-0.04201771,-0.0064119087,-0.029377533,-0.007819406,-0.0063957334,0.007959965,-0.0034530517,-0.013736765,0.62836975,2.7262764,-1.1413525,0.53991246,-2.1897554,-0.013044557,-1.011631,14.44934,-0.8636666,-0.057440653,-1.4616294,0.14665589
40,0.4756202,2.763179,-0.7368084,0.3536181,-2.2034178,-0.21717234,-1.4397895,14.414792,-1.0272963,0.030147031,-1.237606,-0.20573404,-0.08139282,0.0050395126,0.028965764,0.045103807,-0.030558033,-0.9985148,0.0,0.0,0.0,0.11297926,-0.018037306,-0.11610299,0.08423972,0.02840817,0.042114604,-0.21667558,-0.01881722,-0.10595876,0.030293226,-0.036471188,0.020679442,0.009414127,0.049880277,-0.0061179707,0.0060062655,-0.061610054,-0.0046291985,-0.0070590745,0.03409525,0.007147003,0.014997047,-0.02015147,-0.0020164174,0.6353645,2.8253005,-1.0796971,0.40657544,-2.191433,-0.055251323,-1.1634532,14.396662,-0.9518736,-0.115522936,-1.4488776,-0.23561367
41,0.46530446,2.8216612,-0.8521929,0.2662041,-2.15464,-0.21337475,-1.3432983,14.419229,-1.0592126,0.08132766,-1.2534027,-0.30731103,0.051720113,0.016256789,0.028106727,0.04516035,-0.033331092,-0.99842346,0.0,0.0,0.0,0.11487504,-0.01848495,-0.11613643,0.08490634,0.014797211,0.04081249,-0.21956989,-0.021286936,-0.10523164,0.030743957,-0.03597659,0.020598719,0.0107445,-0.009794721,-0.0015636095,0.00024087062,-0.06828744,-0.0063706883,-0.013621814,-0.004452638,1.4954033e-05,0.0065415883,-0.0102682775,0.017220091,0.4756202,2.763179,-0.7368084,0.3536181,-2.2034178,-0.21717234,-1.4397895,14.414792,-1.0272963,0.030147031,-1.237606,-0.20573404
42,0.45944354,2.7262511,-0.8188275,0.32182148,-2.1404045,-0.17303382,-1.3436846,14.454759,-1.0466698,0.07577051,-1.1808329,0.027352363,0.019032188,0.0014611519,0.07381569,0.04522398,-0.034564987,-0.99837863,0.0,0.0,0.0,0.1150902,-0.020368448,-0.11351293,0.084598064,0.0012567639,0.03794965,-0.22495805,-0.020639744,-0.10510284,0.032342196,-0.034168124,0.01994143,-0.00028708496,0.0045384937,0.014657012,-0.0016998958,-0.06695313,-0.014631229,-0.027170235,0.0041570957,0.0019178303,0.009140106,0.0072955466,-0.015954914,0.46530446,2.8216612,-0.8521929,0.2662041,-2.15464,-0.21337475,-1.3432983,14.419229,-1.0592126,0.08132766,-1.2534027,-0.30731103
43,0.59297615,2.773193,-0.9609289,0.3757218,-2.1601436,-0.20464562,-1.1957065,14.469211,-0.92165184,0.01932855,-1.2408266,-0.33777013,0.061122477,0.03198876,0.07600166,0.04578415,-0.036363993,-0.99828935,0.0,0.0,0.0,0.1146568,-0.021203674,-0.11172694,0.08383131,-0.0114533305,0.035169065,-0.22872497,-0.021108776,-0.10505295,0.034282923,-0.03649676,0.02042039,0.0011062367,-0.03727032,0.006600397,-0.005957575,-0.06286361,-0.013308461,-0.01849016,-0.0012501396,-0.004285447,0.009915313,-0.015931785,0.012038039,0.45944354,2.7262511,-0.8188275,0.32182148,-2.1404045,-0.17303382,-1.3436846,14.454759,-1.0466698,0.07577051,-1.1808329,0.027352363
44,0.56898445,2.5746572,-0.8489377,0.4469874,-2.1383553,-0.16257106,-1.2131484,14.475228,-0.91188145,-0.00047200918,-1.128176,0.034284204,-0.015724182,0.027566932,0.099882886,0.046601463,-0.034262866,-0.9983258,0.0,0.0,0.0,0.113634855,-0.017730305,-0.10982257,0.083159685,-0.023752749,0.032729503,-0.23222817,-0.014659037,-0.10495293,0.036632776,-0.033502698,0.020407742,-0.0018809626,-0.0029265152,0.009491838,-0.0007689865,-0.06185145,-0.012340668,-0.017654656,0.019652124,0.0005257089,0.008101261,0.001986885,-0.0046453644,0.59297615,2.773193,-0.9609289,0.3757218,-2.1601436,-0.20464562,-1.1957065,14.469211,-0.92165184,0.01932855,-1.2408266,-0.33777013
45,0.45121616,2.5354052,-0.63396746,0.25632423,-2.1539016,-0.22354193,-1.5296879,14.52044,-0.99551,0.16721521,-1.0095387,-0.20325914,0.007945377,0.010850771,0.038890067,0.047222525,-0.035580374,-0.9982505,0.0,0.0,0.0,0.11426253,-0.02026721,-0.108222604,0.08347905,-0.036186337,0.02983272,-0.23446378,-0.013839282,-0.10409284,0.038113832,-0.036099434,0.019768072,-0.005849674,0.022269035,0.008804788,0.00019328829,-0.061771125,-0.014678173,-0.006011003,0.010138275,0.0074632387,0.009274371,-0.014139916,-0.015816975,0.56898445,2.5746572,-0.8489377,0.4469874,-2.1383553,-0.16257106,-1.2131484,14.475228,-0.91188145,-0.00047200918,-1.128176,0.034284204
46,0.521339,2.535768,-0.77324533,0.34787887,-2.1045618,0.04123182,-1.4353065,14.589168,-0.97940594,0.17613627,-1.0714061,-0.09044972,0.06296737,0.018689776,0.037341572,0.04764797,-0.03687541,-0.99818325,0.0,0.0,0.0,0.112632155,-0.017071364,-0.106328785,0.08420992,-0.040287733,0.02732475,-0.23487754,-0.013071128,-0.10274869,0.039619207,-0.03626448,0.020525284,-0.0036835955,-0.0019244656,0.008969004,0.004226278,0.012738422,-0.012528851,-0.0036548711,-0.0032515998,0.00542579,0.0052449815,-0.009287105,-0.004120017,0.45121616,2.5354052,-0.63396746,0.25632423,-2.1539016,-0.22354193,-1.5296879,14.52044,-0.99551,0.16721521,-1.0095387,-0.20325914
47,0.69075495,2.65463,-0.97734183,0.4642269,-2.1569693,0.14201234,-1.332763,14.610851,-0.88649994,0.0697135,-1.202853,-0.23941246,0.09572917,0.0045834226,0.07544522,0.047873024,-0.040552087,-0.99802995,0.0,0.0,0.0,0.110636756,-0.022016779,-0.10291523,0.08340216,-0.031956315,0.024293141,-0.23843282,-0.015326204,-0.1020959,0.04108143,-0.035377145,0.020598512,-0.0036761349,-0.027491292,0.023095723,-0.0063355784,0.034924503,-0.015152781,-0.02612128,-0.016586624,1.5188083e-05,0.013100627,-0.0037554305,0.023871835,0.521339,2.535768,-0.77324533,0.34787887,-2.1045618,0.04123182,-1.4353065,14.589168,-0.97940594,0.17613627,-1.0714061,-0.09044972
48,0.5675566,2.5974116,-0.7464139,0.31848782,-2.1673124,-0.14456822,-1.5276924,14.652812,-0.9659337,0.23447724,-1.1242583,-0.073856145,0.08506273,0.028342722,0.025836885,0.04853276,-0.04307671,-0.99789226,0.0,0.0,0.0,0.10815764,-0.019653019,-0.100797236,0.08335066,-0.031152785,0.023911811,-0.24084498,-0.016099114,-0.102084935,0.043738127,-0.034906983,0.020520777,-0.009942669,-0.0060271877,0.0050247526,0.0012286099,-0.015526745,-0.0007378268,-0.007177143,-0.007436372,-0.0002230048,0.00978883,-0.0027104989,-0.007051551,0.69075495,2.65463,-0.97734183,0.4642269,-2.1569693,0.14201234,-1.332763,14.610851,-0.88649994,0.0697135,-1.202853,-0.23941246
49,0.58027256,2.6055076,-0.71873873,0.34013247,-2.2052977,-0.15655039,-1.5185714,14.664961,-0.94736147,0.22691648,-1.0721958,-0.21092823,0.083387904,0.037480395,0.012804817,0.049883947,-0.046265688,-0.9976829,0.0,0.0,0.0,0.10726648,-0.020051332,-0.100553215,0.08431828,-0.038636267,0.024618845,-0.24092247,-0.01711256,-0.102051675,0.045757174,-0.035856485,0.019675812,-0.00083725306,-0.006874695,-0.00018725444,0.0052682036,-0.033700477,0.0033488988,0.00062876206,-0.006647901,1.3411949e-05,0.010869912,-0.009282188,0.0069802064,0.5675566,2.5974116,-0.7464139,0.31848782,-2.1673124,-0.14456822,-1.5276924,14.652812,-0.9659337,0.23447724,-1.1242583,-0.073856145
50,0.656789,2.6352603,-0.7151963,0.42318302,-2.1938448,0.23048525,-1.5236585,14.705104,-0.88355875,0.23647998,-1.1181717,-0.06406525,0.03340131,0.023198066,0.033651724,0.05085297,-0.048943836,-0.99750614,0.0,0.0,0.0,0.10488124,-0.02001814,-0.0992825,0.083954334,-0.03594917,0.022456117,-0.24265173,-0.017474525,-0.10175991,0.04849434,-0.0362947,0.0202485,-0.0187838,0.022131043,0.008468539,-0.0033530293,0.043513294,-0.011229013,-0.0080121765,0.0069772466,0.0019853467,0.0187053,-0.0063738856,0.0060755843,0.58027256,2.6055076,-0.71873873,0.34013247,-2.2052977,-0.15655039,-1.5185714,14.664961,-0.94736147,0.22691648,-1.0721958,-0.21092823
51,0.6724923,2.5175266,-0.85368216,0.37447444,-2.2620564,-0.09147074,-1.4694161,14.778489,-0.7749051,0.23306541,-1.0149279,-0.024103075,0.0650866,0.030874358,0.07023828,0.051939845,-0.05250303,-0.99726903,0.0,0.0,0.0,0.10302779,-0.02093892,-0.09802455,0.08617306,-0.035951495,0.020020712,-0.24430913,-0.018461788,-0.1013059,0.050066113,-0.036207736,0.019622324,-0.010217146,0.0022473051,0.009334139,0.0103045935,-0.021214448,-0.014196212,-0.010079943,0.00040742964,0.004332316,0.006933932,-0.008815212,-0.0120884,0.656789,2.6352603,-0.7151963,0.42318302,-2.1938448,0.23048525,-1.5236585,14.705104,-0.88355875,0.23647998,-1.1181717,-0.06406525
52,0.7967214,2.55357,-1.0051482,0.44304052,-2.3211906,0.007389644,-1.3611625,14.782033,-0.68101877,0.2061389,-0.9531099,-0.12818417,0.071786456,0.03503977,0.10217136,0.05310783,-0.05485065,-0.9970813,0.0,0.0,0.0,0.10186352,-0.02094329,-0.09634006,0.08902717,-0.040434122,0.021912778,-0.24630499,-0.017791431,-0.10045338,0.05135441,-0.03490883,0.020605983,-0.0042401757,-0.0072726766,0.0075864084,0.013502799,-0.0039008204,0.0044249515,-0.009795352,-0.001217048,0.004292741,0.004900507,0.00638854,0.016482366,0.6724923,2.5175266,-0.85368216,0.37447444,-2.2620564,-0.09147074,-1.4694161,14.778489,-0.7749051,0.23306541,-1.0149279,-0.024103075
53,0.9068704,2.73194,-1.1882663,0.39913374,-2.3041973,0.17259915,-1.306694,14.834915,-0.6330054,0.33276707,-1.0344508,-0.16540721,0.13071129,0.03251846,0.12583336,0.054146547,-0.057220895,-0.9968922,0.0,0.0,0.0,0.10125643,-0.020702725,-0.09524441,0.091459155,-0.03546387,0.02006935,-0.24790214,-0.016706575,-0.09973645,0.051403522,-0.035214186,0.020864815,0.0074195648,-0.029995253,0.0017841513,0.020684458,0.037344217,-0.008191447,-0.01064577,-0.004862839,0.0024896571,-0.0050057867,0.017896432,0.022662112,0.7967214,2.55357,-1.0051482,0.44304052,-2.3211906,0.007389644,-1.3611625,14.782033,-0.68101877,0.2061389,-0.9531099,-0.12818417
54,0.78396624,2.6148252,-0.8886613,0.4822843,-2.313797,-0.020128628,-1.3977809,14.77788,-0.74086314,0.14568383,-1.0705588,0.014655918,-0.009004014,0.030533245,0.09225477,0.05493132,-0.058731716,-0.99676144,0.0,0.0,0.0,0.101048954,-0.019248497,-0.09423286,0.0938375,-0.031502306,0.02081472,-0.24866389,-0.0144966785,-0.09869969,0.051484704,-0.035544932,0.020766487,-0.002115773,0.018281301,0.0054692393,0.010790599,-0.007609119,-0.0032296067,-0.0032795374,0.018729545,0.0050704167,-0.0005294815,-0.003747065,-0.005748266,0.9068704,2.73194,-1.1882663,0.39913374,-2.3041973,0.17259915,-1.306694,14.834915,-0.6330054,0.33276707,-1.0344508,-0.16540721
55,0.75622416,2.4633136,-0.91299784,0.39782655,-2.3796809,-0.09403106,-1.4285717,14.773705,-0.6398207,0.1622694,-0.92156905,-0.023630768,0.0068807527,0.04676332,0.056171283,0.056629926,-0.060540967,-0.99655795,0.0,0.0,0.0,0.103670485,-0.022458171,-0.09422785,0.09481156,-0.037569582,0.021893825,-0.2496523,-0.012882717,-0.097966075,0.05232644,-0.037102878,0.020176722,0.0033857275,0.009469498,0.00063621026,0.0014627737,-0.027924022,0.005041047,0.00042768274,0.012970284,0.0043304674,0.0073560886,-0.007683292,-0.011140791,0.78396624,2.6148252,-0.8886613,0.4822843,-2.313797,-0.020128628,-1.3977809,14.77788,-0.74086314,0.14568383,-1.0705588,0.014655918
56,0.8703085,2.5129976,-1.1638803,0.47121012,-2.380294,0.086105,-1.3060163,14.780631,-0.5653175,0.20252113,-0.88614225,0.005099267,0.07006624,0.031857513,0.11644842,0.057494067,-0.060078833,-0.9965365,0.0,0.0,0.0,0.10458223,-0.019230828,-0.09400618,0.098165154,-0.038670897,0.020576503,-0.25071466,-0.010292812,-0.09668046,0.052497864,-0.036139905,0.020174537,0.009637182,-0.017139068,0.00042097695,0.023047568,0.007229171,-0.0032001995,-0.0014858731,-0.0030979782,0.004610335,-0.0041795643,0.016750768,-0.0057519134,0.75622416,2.4633136,-0.91299784,0.39782655,-2.3796809,-0.09403106,-1.4285717,14.773705,-0.6398207,0.1622694,-0.92156905,-0.023630768
57,0.91505206,2.5288706,-1.1102784,0.5847443,-2.4216745,0.14797555,-1.318539,14.736764,-0.5613419,0.060982168,-0.96914876,0.0012576282,-0.02678776,0.011941492,0.13746662,0.057910528,-0.062109213,-0.99638784,0.0,0.0,0.0,0.10441724,-0.020491432,-0.09277147,0.101092935,-0.034539998,0.020129623,-0.2513117,-0.010696328,-0.09517145,0.05212009,-0.034261286,0.020783082,-0.009207827,0.019347869,0.009785008,0.0067630545,0.018315865,-0.009624678,-0.0033922752,0.010909114,0.008885148,-0.0012276314,-0.002298191,-0.0046548476,0.8703085,2.5129976,-1.1638803,0.47121012,-2.380294,0.086105,-1.3060163,14.780631,-0.5653175,0.20252113,-0.88614225,0.005099267
58,0.8594334,2.4222345,-1.1834114,0.41329312,-2.471631,-0.07589989,-1.3409605,14.777101,-0.47418207,0.16843139,-0.8188111,0.023219913,0.009944944,0.034462526,0.11493534,0.05887248,-0.06300629,-0.9962752,0.0,0.0,0.0,0.105680905,-0.020772887,-0.092375994,0.10335076,-0.034959674,0.02042412,-0.25121093,-0.0090918075,-0.093954206,0.0516057,-0.034418344,0.020106442,0.0033113454,0.004464428,0.0030541008,0.006967803,-0.021234771,0.0001366654,-0.00014462767,0.009692061,0.0068539144,-2.1315727e-05,-0.0006828426,-0.0031512815,0.91505206,2.5288706,-1.1102784,0.5847443,-2.4216745,0.14797555,-1.318539,14.736764,-0.5613419,0.060982168,-0.96914876,0.0012576282
59,0.9570152,2.5269616,-1.2711666,0.48998177,-2.4473596,0.11579294,-1.2656472,14.778702,-0.47635832,0.20151995,-0.8748982,-0.10990718,0.0635206,0.03764365,0.12240912,0.060050692,-0.063803725,-0.99615407,0.0,0.0,0.0,0.10757207,-0.020954981,-0.09187466,0.10540855,-0.034998417,0.021201285,-0.25139752,-0.006704868,-0.09242505,0.050190568,-0.035366952,0.020534646,0.019502519,-0.025294278,-0.0006140466,0.017154226,0.025431609,0.003709292,-0.004262851,0.0038969927,0.006501411,-0.009655492,-0.0047210995,-0.0035818943,0.8594334,2.4222345,-1.1834114,0.41329312,-2.471631,-0.07589989,-1.3409605,14.777101,-0.47418207,0.16843139,-0.8188111,0.023219913
60,0.8341629,2.4080033,-1.1372395,0.423581,-2.450549,-0.048726372,-1.3176475,14.724151,-0.51479316,0.13861617,-0.8297654,0.061985582,-0.008836961,0.038712032,0.10456939,0.060983807,-0.063277155,-0.9961311,0.0,0.0,0.0,0.10854555,-0.019069372,-0.09133786,0.107443094,-0.03477502,0.020470962,-0.251625,-0.0032503153,-0.09070593,0.049661756,-0.034873486,0.02005657,0.0122422995,-0.0009100255,0.000971396,0.011264475,-0.023096984,-0.00338056,-0.0024889507,0.016933566,0.007330677,-0.0053765876,0.0025666326,-0.002585248,0.9570152,2.5269616,-1.2711666,0.48998177,-2.4473596,0.11579294,-1.2656472,14.778702,-0.47635832,0.20151995,-0.8748982,-0.10990718
61,0.7741578,2.4187164,-0.9796292,0.3846187,-2.4143002,0.09809587,-1.4464719,14.661695,-0.5948267,0.15985848,-0.8734208,-0.03764859,-0.039361015,0.020237599,0.05952235,0.062007684,-0.063584685,-0.9960482,0.0,0.0,0.0,0.1106232,-0.019336516,-0.091469824,0.109696865,-0.03597349,0.020695923,-0.25129408,-0.0016004753,-0.08955115,0.050245404,-0.035497904,0.02073888,0.0039084624,0.018406952,0.00028085543,0.008721826,0.0140212495,-0.0008395943,0.005147574,0.016867036,0.007657379,0.0064905803,-8.064124e-05,-0.004719361,0.8341629,2.4080033,-1.1372395,0.423581,-2.450549,-0.048726372,-1.3176475,14.724151,-0.51479316,0.13861617,-0.8297654,0.061985582
62,0.7009302,2.3626726,-0.9539492,0.3385681,-2.3847215,-0.05825623,-1.4810803,14.644152,-0.620232,0.18167584,-0.8759029,0.006861776,-0.0216708,0.016488573,0.056134004,0.06283969,-0.06473942,-0.99592173,0.0,0.0,0.0,0.11211761,-0.020575592,-0.09104228,0.111159325,-0.035597146,0.020481119,-0.25159886,-0.00097296765,-0.08803028,0.049960136,-0.033542812,0.02045166,0.00084008224,0.012769664,0.0041342867,0.004080324,-0.0029192797,0.015835341,-0.0003959326,0.012346783,0.008840897,0.0036048268,0.0010170102,-0.00056430296,0.7741578,2.4187164,-0.9796292,0.3846187,-2.4143002,0.09809587,-1.4464719,14.661695,-0.5948267,0.15985848,-0.8734208,-0.03764859
63,0.6991057,2.405341,-0.95887977,0.32352653,-2.3743145,-0.032163464,-1.4941585,14.615165,-0.6383189,0.23768602,-0.8943384,-0.07559803,0.0450175,0.012431925,0.05149964,0.063377135,-0.06579084,-0.9958188,0.0,0.0,0.0,0.11253318,-0.021786544,-0.08984089,0.11172545,-0.037161827,0.020992042,-0.25271347,-0.0008962961,-0.08651954,0.049616337,-0.033834457,0.020222684,0.0021101662,-0.013305023,0.008145378,-0.00023770901,-0.010795183,0.001428238,-0.0064917537,-0.0063952017,0.008647258,-0.0021210723,0.00089975225,-0.0047187773,0.7009302,2.3626726,-0.9539492,0.3385681,-2.3847215,-0.05825623,-1.4810803,14.644152,-0.620232,0.18167584,-0.8759029,0.006861776
64,0.77988863,2.4542131,-1.0551605,0.43785024,-2.3647509,0.07367111,-1.4168397,14.602845,-0.5942803,0.18469049,-0.94943935,-0.040016323,0.0370565,0.009955296,0.082915366,0.063348256,-0.06560293,-0.9958329,0.0,0.0,0.0,0.11241647,-0.019473102,-0.08863211,0.11223364,-0.033968985,0.0209527,-0.25460094,-0.00028419562,-0.08475524,0.049999714,-0.033778608,0.020330394,0.0043315045,-0.014563953,0.004708567,0.0077423505,0.01039162,-0.0012296494,-0.007447142,-0.0007080214,0.0075745466,-0.0037610848,0.0009925379,-0.0027976618,0.6991057,2.405341,-0.95887977,0.32352653,-2.3743145,-0.032163464,-1.4941585,14.615165,-0.6383189,0.23768602,-0.8943384,-0.07559803
65,0.7022706,2.4050446,-0.93324155,0.32274774,-2.368737,-0.013763806,-1.4926487,14.550048,-0.58893657,0.17426403,-0.9334652,-0.036076874,-0.042714603,0.029617434,0.08168941,0.06392915,-0.066847645,-0.9957131,0.0,0.0,0.0,0.1117717,-0.020892002,-0.087429166,0.112617254,-0.03665811,0.020586345,-0.2565377,0.0005544298,-0.08369082,0.050241828,-0.03376186,0.020679308,-0.011466354,0.017957788,0.0013637312,0.0008164618,-0.004008574,0.013465241,-0.008460578,0.017346095,-0.0016547481,0.0049421,-5.8731497e-05,0.015891297,0.77988863,2.4542131,-1.0551605,0.43785024,-2.3647509,0.07367111,-1.4168397,14.602845,-0.5942803,0.18469049,-0.94943935,-0.040016323
66,0.75909215,2.4203727,-0.97909814,0.44383398,-2.3921995,0.067706205,-1.449294,14.514192,-0.6002943,0.11694659,-0.942849,-0.121920794,0.007071588,0.028105829,0.068484336,0.06460746,-0.06696128,-0.9956616,0.0,0.0,0.0,0.110460445,-0.02053696,-0.08773923,0.1142534,-0.0359596,0.0204158,-0.25546572,-0.0018646949,-0.08385795,0.04990077,-0.034241617,0.020711383,-0.0039405874,-0.004257426,-0.0023378623,0.007403131,0.00036050222,-0.0018363273,0.00037184005,-0.008194002,-0.0022645234,-0.0011620173,-0.0028421313,0.017299559,0.7022706,2.4050446,-0.93324155,0.32274774,-2.368737,-0.013763806,-1.4926487,14.550048,-0.58893657,0.17426403,-0.9334652,-0.036076874
67,0.7691725,2.372047,-1.0445163,0.4327956,-2.4228773,0.022963414,-1.4516073,14.5296335,-0.5650416,0.114144176,-0.9203437,-0.10638192,0.021965388,0.013131974,0.06750835,0.06512232,-0.066443264,-0.9956628,0.0,0.0,0.0,0.10936599,-0.020133395,-0.08724457,0.114920974,-0.035838485,0.020862926,-0.25640574,-0.0016506149,-0.08371687,0.049530983,-0.03493339,0.020524865,0.0013875723,-0.015946032,0.004006879,0.0039554974,0.0013978406,-0.0026478085,-0.0053759753,-0.007456176,0.0029301087,-0.002543545,-0.008411463,0.013869579,0.75909215,2.4203727,-0.97909814,0.44383398,-2.3921995,0.067706205,-1.449294,14.514192,-0.6002943,0.11694659,-0.942849,-0.121920794
68,0.70655406,2.3099706,-1.0383645,0.32682037,-2.402977,0.0018373523,-1.464998,14.524045,-0.53372055,0.19273977,-0.855789,0.07987264,-0.0032213272,0.0341171,0.072927244,0.06582866,-0.06622871,-0.9956306,0.0,0.0,0.0,0.108922064,-0.019713877,-0.086986184,0.11541319,-0.035374105,0.020764686,-0.2574767,-0.00047459762,-0.08376193,0.049333334,-0.03399867,0.02022477,0.00091502845,-0.0025744217,-0.0012841511,0.0035271954,-0.0071094385,0.00074614317,-0.0061365664,0.00645222,-0.0026719936,-0.00037162539,-0.00296238,-0.010554891,0.7691725,2.372047,-1.0445163,0.4327956,-2.4228773,0.022963414,-1.4516073,14.5296335,-0.5650416,0.114144176,-0.9203437,-0.10638192
69,0.6791974,2.374781,-0.95453346,0.31913155,-2.3576043,0.07304148,-1.5156868,14.507421,-0.63455844,0.26051313,-0.88738763,0.044997126,0.020351289,0.020604616,0.05267503,0.066362195,-0.06665662,-0.9955666,0.0,0.0,0.0,0.10876607,-0.020339496,-0.086670995,0.11607838,-0.034867406,0.02018482,-0.25807145,-0.00062632613,-0.083547294,0.049643517,-0.0340994,0.019956319,-0.0026682024,-0.0042984765,0.00011727677,0.0035635445,0.008138499,-0.0028489209,-0.001448924,-0.005355176,-0.00027549197,-0.0021716214,0.024907038,-0.008535945,0.70655406,2.3099706,-1.0383645,0.32682037,-2.402977,0.0018373523,-1.464998,14.524045,-0.53372055,0.19273977,-0.855789,0.07987264
70,0.7022262,2.3818543,-0.9151444,0.38340995,-2.373778,0.025320807,-1.5126834,14.499469,-0.6483996,0.1721334,-0.9623166,-0.110179454,0.039378986,0.019833338,0.030634439,0.06721944,-0.06731664,-0.9954647,0.0,0.0,0.0,0.10799439,-0.021556491,-0.08640927,0.11566329,-0.03705603,0.020211553,-0.2589884,-0.0013362239,-0.08352089,0.050015688,-0.033620417,0.020866072,-0.0019687458,-0.017983116,0.00059132924,-4.777552e-05,0.0013472111,-0.0055896468,-0.004031967,-0.012145003,0.0006388192,0.0029210288,-0.0011011686,0.0007686968,0.6791974,2.374781,-0.95453346,0.31913155,-2.3576043,0.07304148,-1.5156868,14.507421,-0.63455844,0.26051313,-0.88738763,0.044997126
71,0.72386855,2.3301744,-0.9656524,0.447607,-2.3611932,0.07619483,-1.4793042,14.472198,-0.59201527,0.11062531,-0.9769005,0.036869258,-0.014211465,0.016473722,0.06117242,0.06759272,-0.06607032,-0.995523,0.0,0.0,0.0,0.10629486,-0.019427788,-0.08623952,0.115837455,-0.03446001,0.020759476,-0.26016876,0.00018148814,-0.083788335,0.051425576,-0.03384787,0.020609736,-0.0015086945,-0.001372539,-0.0016691905,0.0052384455,0.020364497,0.017715067,-0.0052700164,0.004388233,-0.0024921587,0.0039333156,-0.0021431125,-0.0029230067,0.7022262,2.3818543,-0.9151444,0.38340995,-2.373778,0.025320807,-1.5126834,14.499469,-0.6483996,0.1721334,-0.9623166,-0.110179454
72,0.6421129,2.267912,-0.94225067,0.2705965,-2.3884442,-0.010447821,-1.5531168,14.445485,-0.5456318,0.16629831,-0.8682974,0.010102302,-0.038575046,-0.00055735745,0.062164333,0.06786718,-0.06695629,-0.99544513,0.0,0.0,0.0,0.105012015,-0.020453284,-0.085587025,0.1161778,-0.03724855,0.02026692,-0.26111072,-0.0012114854,-0.08360356,0.05171466,-0.034903944,0.019870464,-0.009926488,0.018922156,0.00812798,-0.002266567,-0.016942611,-0.0046710977,-0.0059389207,0.009814914,0.005068052,0.005455188,-0.0069823377,-0.0047474145,0.72386855,2.3301744,-0.9656524,0.447607,-2.3611932,0.07619483,-1.4793042,14.472198,-0.59201527,0.11062531,-0.9769005,0.036869258
73,0.6859866,2.3053007,-1.0003912,0.33044812,-2.368145,0.05932317,-1.4732287,14.424934,-0.52517873,0.18266933,-0.8643722,-0.00042197108,-0.013418801,0.019751584,0.076211914,0.06854198,-0.06708099,-0.99539053,0.0,0.0,0.0,0.10483421,-0.020866064,-0.085282385,0.11652291,-0.035609603,0.020261927,-0.26269865,3.6974547e-05,-0.08367717,0.05152428,-0.034163415,0.021107458,-0.0033472318,0.003817767,0.0026051884,0.0022699998,-0.0033487778,-0.0010641275,-0.008617418,0.009595667,0.00019395462,0.0006994517,-0.00079020153,-0.0018752561,0.6421129,2.267912,-0.94225067,0.2705965,-2.3884442,-0.010447821,-1.5531168,14.445485,-0.5456318,0.16629831,-0.8682974,0.010102302
74,0.67288655,2.3000038,-0.93421024,0.37015727,-2.3682976,-0.04369258,-1.5104405,14.403239,-0.60116434,0.1263162,-0.93380517,-0.0015586913,-0.017486636,0.0065773088,0.063790396,0.0686659,-0.067075014,-0.9953823,0.0,0.0,0.0,0.10284436,-0.019855166,-0.08452994,0.116692066,-0.035726905,0.021057423,-0.26316622,-0.0012418085,-0.08345324,0.051749587,-0.034277916,0.020713901,-0.009993035,0.0063621933,0.0035466296,-0.00030998382,-0.0011781916,0.029135695,-0.0057395436,-0.0011657091,0.00014333628,0.0037499808,-0.0012741736,-0.0021926647,0.6859866,2.3053007,-1.0003912,0.33044812,-2.368145,0.05932317,-1.4732287,14.424934,-0.52517873,0.18266933,-0.8643722,-0.00042197108
75,0.63117063,2.2794526,-0.8973654,0.29175827,-2.370339,0.03537146,-1.5459025,14.368781,-0.57081175,0.15076774,-0.8954981,-0.017385274,-0.037723802,0.0063904445,0.050731625,0.069107026,-0.06672791,-0.99537504,0.0,0.0,0.0,0.10212718,-0.01951173,-0.08432943,0.116381645,-0.036432266,0.020995608,-0.26422355,-0.00076674495,-0.083735526,0.052166462,-0.03459364,0.02019944,-0.007037818,0.013512919,0.0046268087,-0.004862727,-0.0128184995,-0.0006752434,-0.0055947048,0.009230411,0.0015535471,0.004165876,-0.0032838525,0.0033488441,0.67288655,2.3000038,-0.93421024,0.37015727,-2.3682976,-0.04369258,-1.5104405,14.403239,-0.60116434,0.1263162,-0.93380517,-0.0015586913
76,0.62377846,2.3026466,-0.8996983,0.3076835,-2.3205354,0.081013836,-1.5293114,14.365664,-0.5872361,0.1935529,-0.92084825,0.063745946,-0.039708596,-0.00010967301,0.06865953,0.06922768,-0.06668762,-0.99536943,0.0,0.0,0.0,0.10134613,-0.01961594,-0.08388573,0.11627579,-0.03516972,0.01985438,-0.26550937,-0.00033352332,-0.08369559,0.052222133,-0.03418684,0.019960338,-0.011879506,0.02000502,0.0061107883,-0.005124766,-0.0030170563,-0.0052493727,-0.005698302,0.010206642,0.002351717,0.0021171432,0.0058814283,-0.0037365307,0.63117063,2.2794526,-0.8973654,0.29175827,-2.370339,0.03537146,-1.5459025,14.368781,-0.57081175,0.15076774,-0.8954981,-0.017385274
77,0.69008803,2.3686905,-0.89284366,0.4176568,-2.3127959,0.13154082,-1.5156364,14.366145,-0.61395794,0.14630616,-1.0244923,-0.031606644,-0.030456113,0.010225261,0.0655063,0.069403596,-0.06641382,-0.9953755,0.0,0.0,0.0,0.09997072,-0.019492788,-0.08342993,0.1148808,-0.03586191,0.02101602,-0.26697955,0.00010954194,-0.08388382,0.052476168,-0.034656048,0.020114383,-0.0118926,0.014675277,-0.0022454967,-0.002856315,0.01846761,-0.0059835454,-0.0031446957,0.0044836407,-0.004591594,0.005850748,-0.0023916492,-0.0027524622,0.62377846,2.3026466,-0.8996983,0.3076835,-2.3205354,0.081013836,-1.5293114,14.365664,-0.5872361,0.1935529,-0.92084825,0.063745946
78,0.5896702,2.3105526,-0.8168079,0.2712397,-2.336746,-0.08529212,-1.5973781,14.35213,-0.6436204,0.19874667,-0.99291414,-0.031016737,-0.00915711,0.032786936,0.024638385,0.069210455,-0.06692944,-0.9953544,0.0,0.0,0.0,0.09849313,-0.019689964,-0.08337718,0.1151185,-0.035703957,0.02085406,-0.26736808,-0.0014566865,-0.0838179,0.0526644,-0.033869267,0.020602996,-0.002549621,-0.00087000517,-0.009262125,-4.4617827e-05,-0.023105627,0.00089305174,-0.00477007,0.003484013,-0.008108583,0.00077217043,-0.0017205923,-0.00025812077,0.69008803,2.3686905,-0.89284366,0.4176568,-2.3127959,0.13154082,-1.5156364,14.366145,-0.61395794,0.14630616,-1.0244923,-0.031606644
79,0.65645885,2.3549194,-0.8427232,0.38246548,-2.3043952,0.11979578,-1.5597539,14.34367,-0.663351,0.1604967,-1.0394349,-0.16044417,0.014750882,-0.008384137,0.023806468,0.06934369,-0.06658019,-0.9953686,0.0,0.0,0.0,0.09837041,-0.019761879,-0.083459914,0.11496806,-0.0363217,0.021510838,-0.26841444,-0.0006836796,-0.08371031,0.05283165,-0.03451556,0.020297257,0.0032324584,-0.008563749,0.0027627067,0.00421728,0.022109125,0.0041200058,-0.0039489428,-0.0023777974,0.0050840904,-0.001467401,-0.011307021,0.007542769,0.5896702,2.3105526,-0.8168079,0.2712397,-2.336746,-0.08529212,-1.5973781,14.35213,-0.6436204,0.19874667,-0.99291414,-0.031016737
80,0.6025296,2.2779846,-0.84141046,0.3361026,-2.297702,-0.0016805138,-1.5665225,14.343325,-0.6342795,0.15586092,-1.0135903,0.028190643,-0.021428004,-0.0013988306,0.042531937,0.069281295,-0.06641874,-0.99538374,0.0,0.0,0.0,0.097229026,-0.019653514,-0.083230615,0.11482906,-0.033460677,0.020214621,-0.270189,0.00018732886,-0.083832264,0.053046465,-0.035669506,0.020928474,-0.002500389,0.0035340197,0.004560559,-0.0031358865,-0.0043977913,0.0045923237,-0.009951307,0.009978954,0.0033170301,-0.0019750223,-0.004572531,-0.0041549345,0.65645885,2.3549194,-0.8427232,0.38246548,-2.3043952,0.11979578,-1.5597539,14.34367,-0.663351,0.1604967,-1.0394349,-0.16044417
81,0.5341547,2.3085992,-0.72274804,0.2743845,-2.2873962,-0.0044702794,-1.660596,14.273888,-0.72750664,0.17167543,-1.0230534,-0.07689366,-0.031053258,-0.029963234,0.016709043,0.06911924,-0.0669563,-0.9953588,0.0,0.0,0.0,0.096176945,-0.0206987,-0.08307916,0.115059495,-0.03797555,0.02056378,-0.27085468,-0.0012648889,-0.08351326,0.053020835,-0.034727693,0.020509327,-0.009624942,0.013628058,0.008778281,-0.0010089568,-0.01092941,-0.00035382807,-0.0042460393,0.002294922,0.007331156,0.0036043772,-0.0038218088,-0.0067006177,0.6025296,2.2779846,-0.84141046,0.3361026,-2.297702,-0.0016805138,-1.5665225,14.343325,-0.6342795,0.15586092,-1.0135903,0.028190643
82,0.67955416,2.3672867,-0.92109835,0.4625531,-2.3221776,-0.029728314,-1.5548596,14.324501,-0.67430913,0.10214393,-1.070121,-0.18104175,0.050901324,-0.022641337,0.038515445,0.0687825,-0.06667335,-0.99540126,0.0,0.0,0.0,0.095156245,-0.020050362,-0.0833354,0.1151588,-0.03440821,0.021210093,-0.27183133,-0.0008785967,-0.08358216,0.053147554,-0.03478831,0.020489588,0.0024588287,-0.028280621,0.0047577396,0.0053271134,0.014207889,0.03397886,-0.008904807,-0.013458954,0.0065342854,-0.004915198,-0.009001044,0.01131718,0.5341547,2.3085992,-0.72274804,0.2743845,-2.2873962,-0.0044702794,-1.660596,14.273888,-0.72750664,0.17167543,-1.0230534,-0.07689366
83,0.59753704,2.327077,-0.82581186,0.32492685,-2.3145497,0.060116984,-1.6122217,14.3011675,-0.6640538,0.18848796,-1.0394402,0.014470428,0.00022129065,0.017034667,0.02990011,0.06889218,-0.066053756,-0.9954349,0.0,0.0,0.0,0.093208596,-0.019422261,-0.08358234,0.11466658,-0.034976423,0.020455828,-0.27381054,4.4809196e-05,-0.08425981,0.052813172,-0.034241736,0.019927155,-0.0036578525,-0.0071502062,-0.007793167,0.0026255772,-0.00021154992,-0.0026036906,-0.0073368372,0.00012877524,-0.0056411917,-0.005269159,-0.0028221454,-0.003621274,0.67955416,2.3672867,-0.92109835,0.4625531,-2.3221776,-0.029728314,-1.5548596,14.324501,-0.67430913,0.10214393,-1.070121,-0.18104175
84,0.5702465,2.4066849,-0.77573997,0.35192657,-2.2550292,0.09377254,-1.6362321,14.288064,-0.74895394,0.19935347,-1.0623877,0.022246867,-0.03892687,-0.021897655,0.036804676,0.068357654,-0.066752374,-0.9954252,0.0,0.0,0.0,0.09227153,-0.020645536,-0.083691716,0.11518562,-0.036140263,0.02102176,-0.27427554,-0.0018146571,-0.08411163,0.052321315,-0.033797204,0.020008877,-0.011196922,0.019910539,0.0005721176,0.000536852,0.017061789,-0.0034844428,-0.0020072788,0.005118631,-0.00030185276,0.0053280196,0.023194982,-6.28441e-05,0.59753704,2.327077,-0.82581186,0.32492685,-2.3145497,0.060116984,-1.6122217,14.3011675,-0.6640538,0.18848796,-1.0394402,0.014470428
85,0.60282737,2.3585927,-0.8116581,0.40461662,-2.3100967,-0.014712622,-1.6119392,14.299263,-0.71119934,0.08210491,-1.0589465,-0.09971812,-0.01721086,-0.027634863,0.03528332,0.06735893,-0.06603716,-0.995541,0.0,0.0,0.0,0.09163048,-0.020235982,-0.08307934,0.115433216,-0.033290684,0.0207605,-0.27578872,-0.0010437516,-0.08361292,0.05247593,-0.034515977,0.020013403,-0.0030695675,-0.0007565865,0.008893869,-0.0026529178,-0.006375617,-0.00049478567,-0.0099789975,0.0033267706,0.0066142934,-0.0006014833,-0.009749449,-0.0033410683,0.5702465,2.4066849,-0.77573997,0.35192657,-2.2550292,0.09377254,-1.6362321,14.288064,-0.74895394,0.19935347,-1.0623877,0.022246867
86,0.5157272,2.3565447,-0.7462999,0.26419443,-2.2803736,-0.022670409,-1.6820225,14.273526,-0.7513481,0.22516762,-1.0286281,0.01663974,-0.013193968,-0.0038761012,0.013201226,0.06719905,-0.06544632,-0.9955908,0.0,0.0,0.0,0.09050015,-0.020241197,-0.083323896,0.11507928,-0.03791982,0.02100952,-0.27737847,-0.00040578944,-0.08411902,0.05292976,-0.033455312,0.020075532,-0.008142768,0.0040949197,-0.002896793,-0.003367164,-0.008776957,0.0010167571,-0.0052703437,0.001679636,-0.002704438,0.0034938052,0.012366459,-0.0025437842,0.60282737,2.3585927,-0.8116581,0.40461662,-2.3100967,-0.014712622,-1.6119392,14.299263,-0.71119934,0.08210491,-1.0589465,-0.09971812
87,0.6241775,2.426129,-0.80503315,0.48630705,-2.2737286,0.12832896,-1.5984141,14.256591,-0.76210374,0.055774182,-1.1194564,-0.106904,-0.015849179,-0.033555184,0.042003147,0.06637308,-0.06527346,-0.99565756,0.0,0.0,0.0,0.08960378,-0.020540828,-0.0833559,0.11553013,-0.03410405,0.019980244,-0.27818108,-0.0010487445,-0.08369839,0.052375674,-0.03501743,0.020162398,-0.00481272,-0.00057522947,0.005072939,0.0030984897,0.0173024,-0.0061230757,-0.0066565573,-0.0014005892,0.005956162,-0.005741957,-0.00789212,-0.007844548,0.5157272,2.3565447,-0.7462999,0.26419443,-2.2803736,-0.022670409,-1.6820225,14.273526,-0.7513481,0.22516762,-1.0286281,0.01663974
88,0.5377308,2.327142,-0.77021646,0.33912897,-2.3227232,-0.07922151,-1.6866233,14.26496,-0.76783985,0.12692146,-1.035685,-0.03490594,0.016055709,-0.0048069567,0.00576905,0.06590034,-0.06387385,-0.99577975,0.0,0.0,0.0,0.08737555,-0.019085845,-0.083250225,0.11512518,-0.035298288,0.02001871,-0.27972683,-0.0004145511,-0.0840987,0.052734494,-0.035033107,0.020529239,-0.0069492236,-0.012446812,-0.0024904883,0.00026984751,-0.019684752,-0.0040655853,-0.0039504725,-0.013772744,-0.0021804415,-0.0017828692,0.006195774,-0.0021973997,0.6241775,2.426129,-0.80503315,0.48630705,-2.2737286,0.12832896,-1.5984141,14.256591,-0.76210374,0.055774182,-1.1194564,-0.106904
89,0.5388154,2.359748,-0.766009,0.44864383,-2.2805233,0.093224265,-1.6560135,14.185628,-0.81077534,0.030417249,-1.0358601,0.053430825,-0.072058745,-0.039953247,0.038524937,0.06506838,-0.06378496,-0.9958401,0.0,0.0,0.0,0.08674844,-0.021037139,-0.08332348,0.116211414,-0.037434995,0.021021605,-0.2806948,-0.0018064877,-0.08373153,0.05152321,-0.0341568,0.020543303,-0.009460351,0.01715759,0.003971006,0.005251854,0.010989976,-0.00060415507,-0.0042497916,0.007827787,0.00472387,-0.0052146614,0.019862238,-0.008077337,0.5377308,2.327142,-0.77021646,0.33912897,-2.3227232,-0.07922151,-1.6866233,14.26496,-0.76783985,0.12692146,-1.035685,-0.03490594
90,0.63915884,2.3784518,-0.93517065,0.4686575,-2.3591065,-0.07029944,-1.5806395,14.241076,-0.67976975,0.021209344,-1.0225766,-0.11446133,-0.011721761,0.007153464,0.06264266,0.064201936,-0.06197485,-0.99601066,0.0,0.0,0.0,0.085334726,-0.020718347,-0.083545566,0.11660588,-0.03584087,0.02126802,-0.28264517,-0.0005633883,-0.08416659,0.052022576,-0.03517264,0.020353528,-0.006054811,-0.011990018,-0.008678117,0.00031184626,-0.015555054,-0.0024450382,-0.009828254,-0.0016696536,-0.010264122,0.0012639881,-0.007621955,-0.0029154457,0.5388154,2.359748,-0.766009,0.44864383,-2.2805233,0.093224265,-1.6560135,14.185628,-0.81077534,0.030417249,-1.0358601,0.053430825
91,0.5934345,2.4206576,-0.8487907,0.378114,-2.3121955,0.051171638,-1.6444402,14.234113,-0.7503828,0.11607827,-1.0554109,-0.11851379,-0.01936434,-0.012444173,0.044065196,0.06338195,-0.0609177,-0.9961283,0.0,0.0,0.0,0.08363948,-0.019991824,-0.08341515,0.116187215,-0.034740567,0.021497061,-0.28414565,-0.00023178113,-0.08436197,0.051975727,-0.036006868,0.021543654,-0.008023652,0.004948325,-0.0030558368,-0.0007960177,0.010827142,0.0009619707,-0.0038284676,-0.0014533986,-0.002689989,-0.0018989682,-0.0057201977,0.0039814557,0.63915884,2.3784518,-0.93517065,0.4686575,-2.3591065,-0.07029944,-1.5806395,14.241076,-0.67976975,0.021209344,-1.0225766,-0.11446133
92,0.55330366,2.507828,-0.78540313,0.3873995,-2.2550404,0.041508265,-1.6718248,14.225051,-0.8613656,0.12537888,-1.1105127,-0.15901354,-0.016796963,-0.03462103,0.028151738,0.06193044,-0.06075551,-0.9962295,0.0,0.0,0.0,0.0830943,-0.020433467,-0.08329034,0.11602175,-0.035581708,0.020238008,-0.28473786,-0.0009954227,-0.08386618,0.051780224,-0.03441477,0.020879488,-0.0034756504,0.003840478,0.001687176,-0.0013459686,0.011927016,-0.006914686,-0.002500014,-0.00018824723,0.003443407,-0.004981138,0.019591019,0.028661896,0.5934345,2.4206576,-0.8487907,0.378114,-2.3121955,0.051171638,-1.6444402,14.234113,-0.7503828,0.11607827,-1.0554109,-0.11851379
93,0.5479403,2.449144,-0.7720735,0.41927338,-2.2516363,-0.06271484,-1.6375302,14.23865,-0.8169905,0.053742692,-1.1248348,-0.055811793,-0.032427248,-0.02697619,0.03971973,0.061022777,-0.06002073,-0.99633014,0.0,0.0,0.0,0.08218073,-0.020418186,-0.08356738,0.11503899,-0.036320627,0.020140393,-0.28606814,-0.00038929426,-0.084129095,0.052538514,-0.035585105,0.020528743,-0.0077437446,0.00705542,0.0030407151,-0.0071344203,-0.014008152,-0.0004185192,-0.007981988,0.00577269,0.0008586825,0.0064537185,-0.012307434,-0.0062437556,0.55330366,2.507828,-0.78540313,0.3873995,-2.2550404,0.041508265,-1.6718248,14.225051,-0.8613656,0.12537888,-1.1105127,-0.15901354
94,0.5288721,2.4730144,-0.7266132,0.37047464,-2.239796,0.035141386,-1.7030411,14.226037,-0.8458695,0.11274223,-1.1311378,-0.08365145,-0.02116659,-0.017672814,0.023613483,0.05967144,-0.059951354,-0.99641615,0.0,0.0,0.0,0.08053377,-0.020017577,-0.083381355,0.11471343,-0.033859253,0.020005183,-0.28702798,-0.0010770129,-0.08425933,0.053525567,-0.035860717,0.019801814,-0.009307512,0.0075840587,-0.0033434269,-0.0003311367,0.0019013089,-0.0029352768,-0.005043398,0.0027846668,-0.0034660131,0.0044924887,-0.0076807225,-0.010508739,0.5479403,2.449144,-0.7720735,0.41927338,-2.2516363,-0.06271484,-1.6375302,14.23865,-0.8169905,0.053742692,-1.1248348,-0.055811793
95,0.50535697,2.455909,-0.7370758,0.39517647,-2.2312605,-0.045614116,-1.6882155,14.214519,-0.8710328,0.060133904,-1.1139767,-0.064445645,-0.030786125,-0.04329117,0.03694224,0.058250748,-0.059314284,-0.9965383,0.0,0.0,0.0,0.079549626,-0.020057678,-0.08305049,0.11496794,-0.032637894,0.02063151,-0.2885316,-0.0006327726,-0.08405805,0.053067565,-0.035001338,0.019911267,-0.009539023,0.010354502,0.00928507,-0.0034161867,-0.011739717,-0.0057084695,-0.007960322,0.0048113796,0.006326899,1.6677617e-05,-0.0027861933,-0.006637925,0.5288721,2.4730144,-0.7266132,0.37047464,-2.239796,0.035141386,-1.7030411,14.226037,-0.8458695,0.11274223,-1.1311378,-0.08365145
96,0.52710706,2.4895892,-0.7715216,0.40641832,-2.2344918,-0.040458314,-1.6786525,14.207721,-0.8821467,0.06389226,-1.1233261,-0.081976324,0.0050078086,-0.03900372,0.027000591,0.057369035,-0.059361905,-0.9965867,0.0,0.0,0.0,0.0780316,-0.021141823,-0.083168626,0.114115715,-0.037728846,0.020386849,-0.289782,-0.0017166121,-0.08424848,0.05315113,-0.03437376,0.020179976,-0.00803701,-0.0054041767,0.0058207805,-0.0060122474,-0.008567407,-0.0017470814,-0.0074202116,-0.007711613,0.004173904,0.0005265446,0.0033836558,-0.008217206,0.50535697,2.455909,-0.7370758,0.39517647,-2.2312605,-0.045614116,-1.6882155,14.214519,-0.8710328,0.060133904,-1.1139767,-0.064445645
97,0.51719433,2.4988742,-0.7222457,0.37883747,-2.2123265,0.05969066,-1.7024281,14.235021,-0.88333213,0.13026957,-1.127496,-0.01713106,-0.008134529,8.682116e-05,0.01710196,0.056825392,-0.058483083,-0.99666977,0.0,0.0,0.0,0.07579599,-0.01838502,-0.08360952,0.11330056,-0.033575773,0.02038447,-0.29073352,-0.00086254807,-0.0848819,0.054240227,-0.03575343,0.02004643,-0.0048792358,0.0025739246,-0.007489891,6.773884e-05,0.01326994,-0.004807344,-0.005957738,0.003815153,-0.007843341,0.0028827311,0.006093273,-0.011070366,0.52710706,2.4895892,-0.7715216,0.40641832,-2.2344918,-0.040458314,-1.6786525,14.207721,-0.8821467,0.06389226,-1.1233261,-0.081976324
98,0.5133607,2.5064387,-0.72170776,0.3933821,-2.2274833,-0.10836389,-1.6928482,14.238482,-0.9025722,0.07206699,-1.146596,-0.15101805,0.007962865,-0.017971527,0.023451423,0.055873506,-0.05907959,-0.99668837,0.0,0.0,0.0,0.07537907,-0.020902539,-0.08333963,0.11331022,-0.03684032,0.020429296,-0.29238984,-0.0018049864,-0.085038364,0.054080963,-0.035381973,0.019798368,-0.0051277075,-0.0067981766,0.0011100423,-0.002016973,-0.017068272,-0.0050916485,-0.00803434,-0.002498996,-0.0006593159,-0.0006081031,-0.008891264,-0.0075605693,0.51719433,2.4988742,-0.7222457,0.37883747,-2.2123265,0.05969066,-1.7024281,14.235021,-0.88333213,0.13026957,-1.127496,-0.01713106
99,0.5918745,2.5656452,-0.85342425,0.45448297,-2.1980426,0.11185778,-1.6238425,14.245804,-0.8645831,0.072286665,-1.1762874,-0.030614227,0.03295614,-0.023599867,0.0408187,0.055178814,-0.05860101,-0.99675536,0.0,0.0,0.0,0.07373787,-0.01969152,-0.08345753,0.11283314,-0.03337097,0.020379798,-0.29366633,-0.0011208527,-0.08557266,0.054827213,-0.035556197,0.020126155,-0.0008914168,-0.017804213,-0.00017836389,0.0044850768,0.0257765,0.0008545671,-0.008135009,-0.0069931983,-0.001759452,-0.0021526024,0.009027127,-0.00908627,0.5133607,2.5064387,-0.72170776,0.3933821,-2.2274833,-0.10836389,-1.6928482,14.238482,-0.9025722,0.07206699,-1.146596,-0.15101805
