step,obs_0,obs_1,obs_2,obs_3,obs_4,obs_5,obs_6,obs_7,obs_8,obs_9,obs_10,obs_11,obs_12,obs_13,obs_14,obs_15,obs_16,obs_17,obs_18,obs_19,obs_20,obs_21,obs_22,obs_23,obs_24,obs_25,obs_26,obs_27,obs_28,obs_29,obs_30,obs_31,obs_32,obs_33,obs_34,obs_35,obs_36,obs_37,obs_38,obs_39,obs_40,obs_41,obs_42,obs_43,obs_44,torque_0,torque_1,torque_2,torque_3,torque_4,torque_5,torque_6,torque_7,torque_8,torque_9,torque_10,torque_11
0,0.0,0.0,0.0,0.0,0.0,0.0,0.0,0.0,0.0,0.0,0.0,0.0,0.0,0.0,0.0,0.0,0.0,0.0,0.0,0.0,0.0,0.0,0.0,0.0,0.0,0.0,0.0,0.0,0.0,0.0,0.0,0.0,0.0,0.0,0.0,0.0,0.0,0.0,0.0,0.0,0.0,0.0,0.0,0.0,0.0,-3.582608e-05,0.0012920402,1.1921543,1.0741433,0.0042169597,-0.00021053404,6.1113526e-05,0.0020836648,1.1906246,1.0728502,0.0041135713,0.00018121366
1,2.6127725e-10,-1.013279e-09,1.04849504e-10,0.0,0.0,-1.0,1.0,0.0,0.0,-9.273221e-13,1.7594154e-11,0.0,0.0,0.0,-1.8104363e-12,-1.13608226e-13,-8.815972e-12,0.0,0.0,0.0,1.6234071e-12,-1.22271e-12,1.12543586e-10,2.5409072e-11,1.1721106e-10,7.3972377e-13,-8.621746e-12,-7.3428085e-13,-6.0463266e-11,2.6741567e-11,5.4028816e-11,2.2581438e-12,7.749476e-12,-0.10286157,0.003833443,0.89681613,-0.21677917,-0.43067348,-0.89713055,0.3350061,0.06410978,0.66944975,-0.08401874,-1.413292,0.107432604,7.362342e-08,-9.062027e-07,4.0573087,-12.409889,1.2583618e-07,5.922132e-09,6.448451e-08,1.3476197e-06,4.0573087,-12.409889,1.397703e-07,3.2549963e-09
2,-0.0023632094,-0.1142457,0.009382769,-0.003966476,0.00014964768,-0.99999213,1.0,0.0,0.0,-0.001003877,0.0009697742,0.0064513087,0.0004490614,-0.004328966,-0.007192885,0.0029466692,0.00042466246,0.0068485737,0.00091290474,-0.011233747,0.000890976,-0.0055376682,0.0049714083,0.038168307,0.0011844229,-0.021132203,-0.0402078,0.015264913,0.0020747313,0.03982926,0.004414584,-0.0672127,0.0044205217,-0.011962205,-0.19247617,1.230894,-0.24954945,-1.2629509,-1.3073939,0.74412507,0.25431588,0.95324445,-0.28799948,-2.6492944,-0.014285896,0.62905025,0.82017136,-4.8436775,1.2254486,4.2340903,0.6733742,1.5040879,4.6236916,-4.2730255,2.021965,2.8402433,0.11816645
3,0.00914539,-0.11944903,0.0035561994,-0.009258799,-0.00013322347,-0.9999571,1.0,0.0,0.0,-0.0014471338,0.001300619,0.016833663,-0.00024735928,-0.015713155,-0.018927924,0.009813089,0.001084289,0.017695665,0.0009891987,-0.034474254,0.00042702537,-0.0024728389,-0.00086300884,0.052156534,-0.007513866,-0.05994047,-0.05877815,0.035239458,0.0039845053,0.05290075,-0.0013660548,-0.12416064,-0.002480202,-0.0030195713,-0.21471529,1.2940642,-0.39315948,-1.3951157,-1.1529081,0.7627252,0.27660438,1.1367896,-0.32107154,-2.6868205,0.020268183,-7.110731,36.50878,-33.03172,35.804714,4.459116,12.074305,-0.0007324219,8.409363,6.21344,-6.3957214,5.545726,0.20518112
4,0.008482204,-0.11570092,0.012356879,-0.014203126,-0.00045797677,-0.999899,1.0,0.0,0.0,-0.0017184535,0.0009778229,0.028143108,-0.0026618242,-0.028655052,-0.02902914,0.016934315,0.0021050205,0.029282212,-0.00014853477,-0.05921781,0.00028856628,-0.0013049929,-0.0031432365,0.056120258,-0.0146101145,-0.06386214,-0.049608406,0.035111997,0.0058047017,0.056481857,-0.0068370923,-0.12174749,-0.00053624203,0.12797332,-0.20140846,1.4109594,-0.44505128,-1.3061424,-0.95471185,0.735218,0.30470937,1.2227696,-0.1782168,-2.3407798,0.051090132,-20.14868,45.39676,-38.028316,58.088417,8.417021,29.965204,0.42261732,6.655548,2.130146,-4.184044,5.4851804,0.098552704
5,0.016541908,-0.14532132,0.014897731,-0.019759916,-0.0008058333,-0.9998044,1.0,0.0,0.0,-0.0008840813,0.0009364296,0.04003352,-0.0046150684,-0.04018104,-0.036568757,0.023536803,0.00403129,0.04103601,-0.0014805794,-0.079901755,0.00066123717,0.0047703194,-0.0010632583,0.060192507,-0.0076376437,-0.056215372,-0.036966268,0.03205439,0.011691073,0.0569999,-0.008425213,-0.101479866,0.0023788286,0.2593487,-0.14078332,1.464684,-0.43632525,-1.2148865,-0.77440137,0.72548175,0.35620958,1.2700288,-0.045829676,-2.0170817,0.08856195,2.1532516,3.0426788,-1.7234917,0.8527374,3.003768,0.7774582,0.25050068,32.623173,-41.415455,-17.37498,4.1751304,0.54169554
6,0.02069536,-0.15768072,0.009097799,-0.026038188,-0.0014757713,-0.9996599,1.0,0.0,0.0,0.0014166805,0.00074598374,0.052658558,-0.006334424,-0.050325155,-0.04222285,0.02973831,0.0070517384,0.052232683,-0.0020823479,-0.09664762,0.001491772,0.011845884,-0.0019126454,0.06321778,-0.008341583,-0.049610857,-0.027824212,0.030444546,0.015653217,0.054617543,-0.0025567787,-0.08189768,0.004133445,0.2516923,-0.08463143,1.5317374,-0.48462832,-1.2133646,-0.6341325,0.64349395,0.39241213,1.2824054,0.028899418,-1.8186165,0.14523333,0.33799076,0.063934326,-2.1349022,-2.7553864,2.4764576,0.7936821,-1.1119419,10.294624,-14.150135,-6.802827,3.7519674,0.017378315
7,0.014195424,-0.15748802,0.017669994,-0.03245167,-0.0020390833,-0.9994712,1.0,0.0,0.0,0.0037235823,0.00060009287,0.06577754,-0.008411288,-0.06001258,-0.046367805,0.034923363,0.010614934,0.06289959,-0.001957059,-0.110762596,0.0028487076,0.011348589,-0.0007288891,0.065026045,-0.010435416,-0.047550395,-0.020269098,0.025315508,0.017712634,0.052233126,0.0008771761,-0.06910499,0.006727128,0.2809767,-0.03615962,1.5976366,-0.5355621,-1.2392069,-0.508316,0.5647065,0.4145384,1.2960408,0.08937669,-1.6010646,0.18407792,-0.2964816,0.7269592,-3.0523424,-2.2236176,2.308035,0.86945534,-1.2697744,-0.6556972,-4.70096,-3.8045244,3.3054461,-0.32373866
8,0.0054777963,-0.15495066,0.02637938,-0.038791712,-0.0022898181,-0.9992447,1.0,0.0,0.0,0.006240745,0.0007881261,0.07914376,-0.01082921,-0.069556594,-0.049124837,0.039131355,0.01437612,0.07320225,-0.0012660027,-0.122189105,0.004540061,0.012373955,0.0013083722,0.06601945,-0.011936576,-0.04687255,-0.013379454,0.020509655,0.018386208,0.050628062,0.003655793,-0.055881884,0.008345401,0.33704782,0.005219087,1.6355238,-0.5679189,-1.2100242,-0.41040924,0.53033537,0.42532262,1.334156,0.11641526,-1.4081423,0.18486106,-0.66091394,1.6713676,-3.7009335,-0.8720703,2.2862167,0.81770134,-1.0429809,-4.541735,-2.140557,-2.6520824,2.712093,-0.48085785
9,-0.0022755507,-0.15078777,0.030629542,-0.044978287,-0.0022288556,-0.9989855,1.0,0.0,0.0,0.0092031285,0.0013612026,0.09244901,-0.013401628,-0.07844305,-0.050800964,0.042819872,0.018123897,0.08341509,-0.00033688545,-0.13126588,0.0061809546,0.014580885,0.0033040761,0.06547232,-0.012473158,-0.043577146,-0.008052934,0.018034881,0.018239474,0.050398506,0.0047432063,-0.04436622,0.008056316,0.39484137,0.042272255,1.6576585,-0.587331,-1.139569,-0.3488521,0.5225678,0.42928115,1.3754447,0.113813,-1.2671967,0.15834773,-0.88124275,1.5840893,-4.4641285,-0.17262268,2.095271,0.6275692,-0.86454207,-5.4293118,-1.0513198,-1.8194227,2.175655,-0.48512223
10,-0.008738755,-0.14514379,0.033385426,-0.05094248,-0.0018921518,-0.9986998,1.0,0.0,0.0,0.012605997,0.0023056015,0.10547876,-0.01600504,-0.08629358,-0.051786676,0.046275746,0.02176207,0.093636334,0.0005502701,-0.13858962,0.007502282,0.016739173,0.0051436536,0.06404669,-0.012576972,-0.038442247,-0.004693826,0.016944995,0.01766513,0.05043996,0.004412513,-0.035812154,0.006457864,0.4480716,0.07750417,1.667786,-0.59426075,-1.0447003,-0.30565178,0.5296645,0.4316315,1.409626,0.09257756,-1.1690522,0.118201286,-0.97553873,1.9571342,-3.9128437,0.18943787,1.8980837,0.43385887,-0.75562143,-5.159473,-1.4028764,-1.6439657,1.7551609,-0.40353787
11,-0.014177397,-0.13841587,0.03595684,-0.056632582,-0.0013157061,-0.9983943,1.0,0.0,0.0,0.01638679,0.0035898401,0.118094444,-0.018573523,-0.09291273,-0.052300055,0.049658757,0.025264055,0.103818476,0.0012187958,-0.14465135,0.008379531,0.018590037,0.006787725,0.061993726,-0.01236215,-0.032366235,-0.0023947225,0.016618595,0.017006448,0.050177455,0.003233403,-0.029661385,0.0042631025,0.4928835,0.11306219,1.6685807,-0.58961344,-0.9334058,-0.2707944,0.5454714,0.4352868,1.4360471,0.058248013,-1.0992055,0.074787214,-1.102304,1.9593048,-3.890707,0.19659424,1.6130171,0.33699226,-0.6980567,-4.4528036,-2.249905,-1.9017363,1.4412667,-0.28482315
12,-0.018988527,-0.13098553,0.038878653,-0.062016137,-0.00052469794,-0.998075,1.0,0.0,0.0,0.020452539,0.0051864744,0.13021123,-0.021046758,-0.09819007,-0.05245314,0.053060204,0.02864549,0.11388534,0.0015486479,-0.14978194,0.008795897,0.019970527,0.008312493,0.059536666,-0.011802761,-0.025752796,-0.00062397495,0.016728437,0.016446462,0.04954413,0.001481891,-0.025119608,0.0019969556,0.527602,0.14980468,1.6621802,-0.57204723,-0.8131577,-0.24058819,0.56728286,0.44076076,1.4591374,0.012336457,-1.0490204,0.032410707,-1.1637735,1.919384,-3.9488478,0.22616577,1.2696829,0.25269508,-0.68944085,-3.8129375,-3.0450385,-2.3171492,1.2061013,-0.16349208
13,-0.023483414,-0.123577304,0.04242797,-0.067085676,0.00046566353,-0.99774706,1.0,0.0,0.0,0.024697585,0.007074849,0.14177239,-0.023338318,-0.10209173,-0.052313976,0.05653966,0.031934105,0.12380105,0.0014380217,-0.15421307,0.008778928,0.020822808,0.009758623,0.05679815,-0.010763794,-0.018974653,0.000828386,0.017124463,0.016026704,0.048773613,-0.0007520855,-0.021706289,-0.00012933942,0.5510038,0.18817843,1.6494962,-0.5372093,-0.68857706,-0.21255246,0.59224343,0.4470833,1.4833802,-0.046614796,-1.0124153,-0.00876734,-1.2634993,2.0932045,-3.6999063,0.32466125,0.9821367,0.252182,-0.6934051,-3.4765925,-3.8419344,-2.8143358,1.0257446,-0.055171117
14,-0.02778948,-0.11662865,0.046855923,-0.071856596,0.0016469555,-0.9974135,1.0,0.0,0.0,0.029009258,0.009237754,0.15273428,-0.02532494,-0.10463077,-0.05192376,0.060125977,0.03514942,0.13357586,0.00077819824,-0.15810722,0.008357543,0.021116111,0.011144211,0.053844124,-0.009049565,-0.012260632,0.002090859,0.017656034,0.015695808,0.048080444,-0.0035226194,-0.019083377,-0.0021134831,0.55800116,0.2284803,1.6275101,-0.47466126,-0.5629496,-0.18271731,0.6156536,0.4530803,1.5173423,-0.12559485,-0.9829646,-0.050181527,-1.2056351,1.8889198,-3.3130922,0.5082855,0.7512789,0.21315002,-0.70258945,-3.4410763,-4.546818,-3.363945,0.8857811,0.040494274
15,-0.031974144,-0.11035765,0.05212597,-0.07635215,0.0030129857,-0.9970764,1.0,0.0,0.0,0.033234723,0.011651174,0.16303283,-0.026813626,-0.10585415,-0.051289134,0.06380106,0.03829816,0.14329392,-0.0006008148,-0.16155738,0.0075457008,0.020626148,0.012464936,0.05053543,-0.0062677935,-0.0057735397,0.0033530237,0.018090477,0.015395637,0.047869217,-0.007142797,-0.016909553,-0.0040303622,0.53682446,0.26557875,1.5882462,-0.36517525,-0.4482313,-0.14715514,0.62998325,0.4580694,1.5712373,-0.24054126,-0.9564355,-0.09012683,-1.2315755,2.20537,-2.9219255,0.7884369,0.4815569,0.26016426,-0.6861359,-3.779368,-5.0582476,-3.9953365,0.77205783,0.12553698
16,-0.035753556,-0.10444377,0.058189698,-0.080584206,0.004545157,-0.9967375,1.0,0.0,0.0,0.037118472,0.014238554,0.17253166,-0.027475,-0.10592598,-0.050386064,0.06747448,0.041371115,0.15313262,-0.003009677,-0.16461086,0.006372752,0.018834637,0.013413695,0.046463903,-0.0016639695,-0.00010228064,0.004774924,0.018065214,0.015095793,0.048612874,-0.012342292,-0.0149627,-0.0058001555,0.46862465,0.28514844,1.5086328,-0.18078297,-0.35653353,-0.09742837,0.6140408,0.45841846,1.655996,-0.41195115,-0.92096144,-0.1180515,-1.2386036,2.3635597,-2.9747143,1.0280304,0.26771545,0.37092972,-0.611873,-4.4186482,-5.2751813,-4.7484655,0.6764501,0.19775163
17,-0.03791481,-0.09721649,0.06383159,-0.08450276,0.0061783707,-0.9964041,1.0,0.0,0.0,0.04023478,0.016792579,0.18089616,-0.026756883,-0.10512507,-0.04911586,0.070856966,0.044312038,0.16335434,-0.006947279,-0.16719818,0.00496849,0.014887488,0.013319406,0.040566303,0.0059465184,0.0042013633,0.0067432434,0.016575078,0.014590591,0.050778992,-0.02005545,-0.012661196,-0.006919563,0.3268605,0.25058347,1.3276447,0.1103776,-0.31965357,-0.033807855,0.5051251,0.44812912,1.8007506,-0.682205,-0.8431634,-0.094600946,-1.2110229,2.8184738,-1.9602051,1.564354,0.23792648,0.5602379,-0.4416071,-5.056876,-4.9566407,-5.5228987,0.57647103,0.23924243
18,-0.020132992,-0.10044509,0.036669146,-0.08809341,0.0075382874,-0.9960836,1.0,0.0,0.0,0.041997068,0.018634893,0.18764383,-0.02390945,-0.10400653,-0.04743438,0.07313778,0.046778303,0.17418993,-0.011975884,-0.16882277,0.0035239877,0.009137935,0.006667646,0.036090527,0.014372254,0.0057075876,0.008070453,0.011930462,0.00989816,0.051871743,-0.008810077,-0.0066892705,-0.010545267,0.072161734,0.14618136,0.9802115,0.4612772,-0.3066876,0.021679465,0.2799812,0.40987203,1.9499037,-1.0083933,-0.6906045,0.011214536,-3.3263612,5.5274954,-15.545189,-3.3138962,-0.8520403,-0.3131783,0.87331295,-11.979591,-5.94582,85.75549,2.9017382,-6.195507
19,-0.011537729,-0.13159457,-0.023138855,-0.09288386,0.007923775,-0.9956454,1.0,0.0,0.0,0.041251246,0.01934116,0.19184083,-0.01824236,-0.102877915,-0.045358334,0.0736541,0.04750821,0.18527466,-0.012078643,-0.16877353,0.00244392,-0.0044534747,0.0040254197,0.015800772,0.027274797,0.0053621703,0.010210787,0.0017135822,0.0036279734,0.058902062,0.001591652,0.00061544793,-0.004395717,-0.20548902,0.06732257,0.7852463,0.6165233,-0.3075214,0.047108043,0.044883333,0.31847897,1.901413,-1.1516455,-0.59487885,0.0956426,-2.3266695,-5.369061,-57.208565,-21.935032,-1.3304181,-0.50810474,-2.9134922,-4.0818253,0.6429329,4.0866394,0.48396587,1.7944908
20,-0.0106961215,-0.123920485,-0.024788035,-0.09787659,0.008171554,-0.9951651,1.0,0.0,0.0,0.03771947,0.019444577,0.1927982,-0.011597514,-0.1018424,-0.043115076,0.07173331,0.047399137,0.19673628,-0.012022376,-0.1677106,0.0024550564,-0.017932398,0.00030574933,0.0021807458,0.032310516,0.005043567,0.01104896,-0.010305463,-3.5988633e-05,0.058462895,-0.0019620666,0.0055158087,0.0005409166,-0.42685884,0.0064483583,0.80973303,0.5086944,-0.41631386,0.07044442,-0.045226105,0.23145902,1.8425062,-1.1262667,-0.739464,0.16870654,1.0937068,-9.24034,-16.76704,-6.6221,-0.5653627,-0.70046943,-0.48522758,-0.8970566,0.34986687,-7.3115387,0.06849861,0.6189842
21,-0.0050582527,-0.10089549,-0.010421294,-0.10223204,0.008339698,-0.9947256,1.0,0.0,0.0,0.03210518,0.01885477,0.19318736,-0.00634706,-0.10190791,-0.040730983,0.06876605,0.046812583,0.20800328,-0.012857437,-0.16798347,0.0033214386,-0.027971644,-0.0032201724,0.0013293246,0.025011508,-0.00044757483,0.011733476,-0.014793918,-0.0029222656,0.055604983,-0.0066111158,-0.0014843943,0.0044307257,-0.47016883,-0.021072552,0.798653,0.43609905,-0.5207347,0.10017641,-0.031619705,0.19580984,1.860321,-1.1164254,-0.863408,0.22584344,2.158533,-3.1039884,5.673562,2.879303,0.12680797,-0.64831966,0.9628029,-0.007194519,-0.45919037,-7.490036,0.15986443,-0.08660507
22,0.00012781362,-0.08033032,-0.006988166,-0.10577328,0.008341903,-0.9943553,1.0,0.0,0.0,0.026229108,0.017934587,0.19338411,-0.0020868778,-0.10299981,-0.038149975,0.065981686,0.04597912,0.21904618,-0.014747739,-0.16946238,0.004744401,-0.028951911,-0.0046249395,0.0005333699,0.020415848,-0.005478573,0.012704491,-0.013623531,-0.004221111,0.05457381,-0.011852832,-0.0073857354,0.007066279,-0.48079586,-0.051535442,0.77624524,0.4344632,-0.6244695,0.11557397,-0.054055505,0.17685431,1.8875623,-1.1245245,-0.8689246,0.25710407,2.036927,-0.678831,8.016641,4.1262207,0.41627496,-0.64982283,1.0857058,-0.011199951,-0.5456238,-6.3430176,0.40999794,-0.36674118
23,0.0042803017,-0.06387028,-0.0016487329,-0.108616464,0.00818543,-0.99405,1.0,0.0,0.0,0.020462964,0.016777145,0.19334596,0.0019193888,-0.10506922,-0.035515368,0.0631295,0.044929225,0.22990954,-0.017671704,-0.17096663,0.00641321,-0.028332358,-0.0058349376,-0.00050132966,0.019536477,-0.010273318,0.012950219,-0.01408043,-0.0051330077,0.053727616,-0.016596518,-0.00735906,0.008253233,-0.49738777,-0.07951401,0.7244138,0.44953018,-0.71280205,0.13418382,-0.118704505,0.14926264,1.9138714,-1.1301361,-0.80704254,0.2786285,2.0791404,-1.5581472,7.359115,4.179371,0.63864213,-0.6805019,0.9355078,0.48758316,-0.5977478,-4.5440216,0.44348145,-0.3516159
24,0.007825378,-0.048846792,0.0031885353,-0.1108224,0.007899983,-0.99380887,1.0,0.0,0.0,0.014764158,0.0153946495,0.19288641,0.0059314966,-0.10792732,-0.03280204,0.059800956,0.04361444,0.24053162,-0.02152729,-0.17182726,0.008215366,-0.02801407,-0.0069128643,-0.0027626837,0.019580461,-0.014132333,0.013340461,-0.016545534,-0.0064115273,0.052683156,-0.02108132,-0.0041057346,0.008921384,-0.5206449,-0.1001575,0.64153796,0.47669065,-0.7754132,0.15473393,-0.20249113,0.114505194,1.9316863,-1.1229631,-0.7202079,0.29474336,1.9779097,-1.9240689,4.7814445,3.1336517,0.7756849,-0.7039821,0.9327793,0.48732376,-1.3408775,-4.0861816,0.2339611,-0.34955978
25,0.010797602,-0.03345722,0.0064024352,-0.112395704,0.007507056,-0.9936352,1.0,0.0,0.0,0.009066872,0.013851326,0.19170749,0.010071874,-0.11129224,-0.029994147,0.055806145,0.04199862,0.2508605,-0.026268005,-0.17181218,0.010098529,-0.028031219,-0.00762508,-0.006530126,0.020179626,-0.016598776,0.013808543,-0.019881276,-0.0079084765,0.05137631,-0.025512192,0.00023825982,0.00933263,-0.5481434,-0.116284996,0.55204463,0.49785584,-0.8225319,0.1747663,-0.29239848,0.07420025,1.9363475,-1.091289,-0.63051695,0.30653194,1.880495,-1.8438708,3.122111,2.3060818,0.86029243,-0.7226643,1.0611038,0.27479553,-0.8686714,-4.072235,0.1134491,-0.33840942
26,0.013464562,-0.01696698,0.009722225,-0.11331092,0.0070163193,-0.9935348,1.0,0.0,0.0,0.0033257352,0.012200805,0.18970764,0.014269829,-0.11499089,-0.027099885,0.051090796,0.04006216,0.2608354,-0.031873822,-0.1709196,0.012029439,-0.028265327,-0.00806372,-0.010623278,0.02044922,-0.018222822,0.014234021,-0.023445303,-0.009460226,0.04947139,-0.02959157,0.0044925506,0.009656624,-0.5718215,-0.13032536,0.47104278,0.4937839,-0.86603004,0.19896072,-0.38299915,0.032619275,1.9310508,-1.0358478,-0.54392993,0.31518444,1.9006221,-1.7860388,3.2853065,1.979722,0.9390865,-0.74245673,1.0816278,0.7747307,-2.019127,-2.0991516,-0.46590233,0.25822067
27,0.013729305,-0.004568828,0.013856291,-0.1136308,0.006516285,-0.99350166,1.0,0.0,0.0,-0.00242732,0.01050684,0.1870113,0.018347502,-0.118971825,-0.02408187,0.0456417,0.03791857,0.27018398,-0.037731647,-0.1692785,0.014079471,-0.028290117,-0.008372451,-0.013830259,0.019848073,-0.019601814,0.014843439,-0.02706655,-0.010372697,0.046099525,-0.0291477,0.008145923,0.010218257,-0.5884382,-0.14448908,0.40339196,0.46729988,-0.9127652,0.2283155,-0.47492912,-0.005826585,1.9196655,-0.9629547,-0.4535174,0.31778583,1.862203,-2.5512424,0.5868156,-2.2437677,0.94949806,-0.7821675,1.2539892,0.5201454,-2.7117004,-0.32919312,-0.43579578,-0.21421242
28,0.013374185,0.003235352,0.015547689,-0.11356438,0.0060431724,-0.9935123,1.0,0.0,0.0,-0.0081189405,0.008748463,0.18380392,0.02209413,-0.123254,-0.020894917,0.039473876,0.035609983,0.2788574,-0.043239474,-0.16687411,0.016168136,-0.027963812,-0.008760939,-0.01631273,0.018076412,-0.021083817,0.015676472,-0.030572325,-0.011280388,0.04292939,-0.02668474,0.011967263,0.010290223,-0.5969391,-0.15901424,0.35202748,0.4170578,-0.964965,0.25316396,-0.54929584,-0.040726162,1.9053372,-0.8872053,-0.372346,0.30951428,1.6645935,-2.1938305,-2.0571408,-5.436058,0.9661413,-0.80973595,1.4760017,-0.023765564,-2.215208,0.35559082,-0.46765518,-0.47999573
29,0.013466928,0.008237261,0.013803676,-0.11325506,0.0055750883,-0.9935503,1.0,0.0,0.0,-0.013670135,0.0069063324,0.18023694,0.025258899,-0.12787914,-0.017588403,0.03278226,0.033151455,0.28694004,-0.04813242,-0.16379845,0.018154612,-0.02725791,-0.009199256,-0.018032327,0.015083902,-0.02277401,0.016258297,-0.033056226,-0.012144477,0.040101346,-0.023190746,0.015295682,0.009685973,-0.60209596,-0.17417581,0.3235785,0.34278363,-1.0228447,0.2691166,-0.60937923,-0.07395249,1.890378,-0.8128971,-0.29864562,0.29242334,1.4339577,-1.2492591,-3.380323,-7.0637293,1.0203857,-0.8153195,1.7522287,-0.6742401,-1.9589024,0.8349762,-0.50029564,-0.6740284
30,0.014249105,0.011408588,0.010102356,-0.11279928,0.0050743674,-0.9936049,1.0,0.0,0.0,-0.01905274,0.004973407,0.17651868,0.027600646,-0.13289016,-0.014253653,0.025736336,0.030532286,0.2945187,-0.05227208,-0.16013211,0.019929377,-0.026423816,-0.009647201,-0.01867445,0.010937869,-0.02467411,0.016387805,-0.034710817,-0.013060898,0.037633218,-0.019194217,0.018208057,0.008569619,-0.6096436,-0.19340248,0.318538,0.24593306,-1.0869765,0.279394,-0.66812176,-0.105727084,1.8757207,-0.7452624,-0.21068728,0.2697381,1.2577403,-0.33029282,-3.6040387,-7.4486895,1.1083922,-0.8018493,2.0105095,-1.1669273,-2.171442,1.077858,-0.59704304,-0.7907791
31,0.015481168,0.013533581,0.006562524,-0.112255864,0.0045150802,-0.99366903,1.0,0.0,0.0,-0.024297424,0.002927333,0.17287433,0.02891171,-0.13833356,-0.01094791,0.018382404,0.02772574,0.30165765,-0.05562961,-0.1557501,0.021423254,-0.025746902,-0.010226752,-0.018213088,0.0057970607,-0.026802605,0.016239194,-0.03619158,-0.01404347,0.03546981,-0.015219069,0.021754397,0.0071513723,-0.62345475,-0.22017379,0.33223492,0.12369851,-1.1510001,0.2851747,-0.735526,-0.13704866,1.8583814,-0.67248297,-0.088152975,0.24111888,1.1882175,0.07093522,-3.3490858,-7.068453,1.2188606,-0.78744847,2.1690092,-1.4467354,-1.336956,1.3247681,-0.67340755,-0.75660896
32,0.0166606,0.015005002,0.0047628838,-0.11165051,0.0038973633,-0.99373984,1.0,0.0,0.0,-0.029472347,0.0007178408,0.16949427,0.028986812,-0.14419252,-0.007714075,0.010661502,0.024717763,0.30834484,-0.058186293,-0.15034509,0.022584792,-0.025404854,-0.011100485,-0.016836518,-0.00036368534,-0.028841613,0.015880225,-0.038006283,-0.015036257,0.03323256,-0.0111409305,0.026829576,0.0054910434,-0.63737273,-0.258807,0.35843036,-0.031281836,-1.2011604,0.28371313,-0.8158137,-0.17050174,1.8319242,-0.57083696,0.066323616,0.20499478,1.2080467,-0.14221734,-3.3751202,-6.704995,1.3207792,-0.7761217,2.2917185,-1.3248177,-1.2060509,1.3963547,-0.91457367,-0.7234764
33,0.045927208,0.011360853,0.013416827,-0.11107619,0.0027130686,-0.99380827,1.0,0.0,0.0,-0.034572743,-0.0020760212,0.16656631,0.027462244,-0.15031546,-0.004625376,0.002483032,0.021627614,0.31425148,-0.059090495,-0.1451841,0.02313079,-0.024912072,-0.0148195615,-0.014643885,-0.008695341,-0.030124778,0.015140386,-0.040903818,-0.015710494,0.029129595,-0.0021414892,0.022838615,0.0020248948,-0.6379577,-0.31443706,0.40321845,-0.24441537,-1.2250352,0.26883307,-0.89795345,-0.20729813,1.7883343,-0.40785575,0.24625015,0.15973428,-0.24071297,24.37163,-7.950857,1.9461069,1.2959452,-0.2815222,-6.2335367,16.5614,-0.86373806,0.47123718,-1.6913528,0.8748703
34,0.06333794,0.0060811024,0.006172391,-0.11054535,0.0006900268,-0.99387085,1.0,0.0,0.0,-0.03947388,-0.005242726,0.16413796,0.02397108,-0.15643835,-0.0018011533,-0.006338595,0.018302986,0.31942108,-0.059031606,-0.1384232,0.02329702,-0.023940125,-0.016545942,-0.011277686,-0.018711735,-0.030081818,0.013830974,-0.043180283,-0.018576032,0.02477112,0.0070701004,0.028841434,-0.0011356594,-0.60686475,-0.48270494,0.46064603,-0.6349387,-1.1924174,0.29411414,-0.97050136,-0.2529799,1.7147527,-0.04723537,0.5657279,0.07842842,-0.7366332,19.970184,-12.370325,2.162099,1.2136244,-0.26880813,1.4509196,-0.8986511,-0.11535311,21.125,-2.9735336,-1.4002075
35,0.07446618,-0.009121959,-0.013777514,-0.11065833,-0.0022509843,-0.99385595,1.0,0.0,0.0,-0.043902293,-0.009592004,0.16275084,0.017005682,-0.16200334,0.001158701,-0.015409854,0.014035197,0.3232363,-0.055220246,-0.12936556,0.02245297,-0.0216476,-0.022073021,-0.007857695,-0.036331184,-0.027319035,0.014546426,-0.044790182,-0.021442031,0.020075394,0.02005531,0.046378247,-0.0041035446,-0.40464145,-0.66712236,0.8559412,-1.3684651,-0.8955472,0.19387665,-0.6722173,-0.2539356,1.355041,0.58680785,0.55108833,-0.11303711,0.6241133,-0.23221856,-17.004564,-2.9014187,0.9928943,-0.6973704,1.6740136,-0.5076866,-0.046749115,-0.6092377,0.31282806,0.8879509
36,0.07271312,0.0024427173,-0.0014924841,-0.11075879,-0.0052381614,-0.9938334,1.0,0.0,0.0,-0.046279375,-0.015208384,0.16439694,0.003661275,-0.1644991,0.003051623,-0.021497674,0.010476704,0.32436007,-0.047151208,-0.11904502,0.020358749,-0.011116386,-0.029506862,0.009448985,-0.070352145,-0.011944472,0.009147305,-0.029296944,-0.017702892,0.004032561,0.04259348,0.049823154,-0.010883425,0.13357894,-0.51429665,1.5312002,-2.2482975,-0.433002,0.011056278,0.18650845,-0.30292505,0.66429704,1.0219296,0.2753083,-0.2471728,1.3317608,-8.480734,7.679282,-2.3468752,0.74036366,-0.6470948,3.5032322,-5.6988354,4.9947176,-4.207226,-5.599779,-0.6041117
37,0.058993433,-0.0006617694,0.03610069,-0.110339805,-0.0077279815,-0.99386394,1.0,0.0,0.0,-0.04389477,-0.019341394,0.1712709,-0.012653947,-0.16196966,0.0032998333,-0.019945797,0.007670246,0.3206012,-0.03487706,-0.111609936,0.017140323,0.010594634,-0.014422134,0.040198255,-0.035603397,0.014954703,0.0025452138,0.013025083,-0.0153670935,-0.02403309,0.058518298,0.03639419,-0.015830107,0.4534698,-0.35050666,1.323441,-2.2264698,-0.15169638,-0.07660249,0.5353501,-0.11375914,0.2724629,0.9386233,0.38445324,-0.24803017,-3.866623,39.451683,111.83338,265.46603,-5.5362816,2.225792,4.919431,-21.012512,-77.43692,-21.9533,-3.2398512,0.2577082
38,0.04871604,0.017301617,0.0029951339,-0.109521285,-0.0095787,-0.9939383,1.0,0.0,0.0,-0.03884948,-0.020567864,0.17720163,-0.014634848,-0.1566832,0.0029353267,-0.013956524,0.0059844856,0.31228667,-0.024012685,-0.10343695,0.014025916,0.026523206,-0.006172618,0.030672282,-0.0020238047,0.025674704,-0.0021209815,0.030106423,-0.008272943,-0.045674883,0.051630188,0.04016742,-0.015311536,0.52411264,-0.19777633,1.1835432,-1.6990901,0.2558509,-0.27641177,0.6019452,0.0065423027,0.027343161,0.85633266,0.48858625,-0.21237919,0.18749619,-0.65104675,15.754456,17.20401,-1.4642086,-0.73330307,-5.133217,12.252069,-39.07378,-15.95382,-2.7247133,1.0116893
39,0.03296302,0.04483201,-0.015200255,-0.1079341,-0.011000694,-0.99409723,1.0,0.0,0.0,-0.032783914,-0.020626511,0.18215954,-0.015794158,-0.14776456,0.00063884567,-0.007447596,0.00555858,0.30092224,-0.014614105,-0.09457594,0.011374746,0.03050357,-0.0002442206,0.025927356,-0.009886977,0.04435323,-0.011575145,0.032014087,-0.0015216025,-0.058692623,0.044616275,0.04356231,-0.012976459,0.30901483,-0.15862931,1.172723,-1.4471203,0.1910288,-0.45202002,0.51389724,-0.006260045,-0.13790655,0.8047484,0.47101647,-0.13693827,-0.968729,-2.196579,6.552498,-14.375687,-1.8122025,0.7992611,-4.0013666,5.6963663,-6.7287817,-5.5837727,-2.301886,0.7928068
40,0.025090205,0.06968088,0.0034296582,-0.10545383,-0.012073755,-0.9943509,1.0,0.0,0.0,-0.028596954,-0.020472135,0.18721259,-0.018819332,-0.13970071,-0.0031478424,-0.0020805066,0.005301297,0.28788507,-0.0063171387,-0.08622098,0.009566429,0.020240525,0.0011314646,0.025974438,-0.019559365,0.03962654,-0.018790383,0.026285997,-0.0014693938,-0.06582442,0.039754998,0.040972527,-0.008806064,0.18040839,-0.13658813,1.1790965,-1.2722155,0.047740843,-0.45035288,0.43912095,-0.015764497,-0.20921761,0.7468908,0.41280258,-0.07955146,-1.1039677,-0.09585953,3.5779228,-13.105347,-1.5609112,0.8244095,-1.2761724,-1.6196644,9.683018,1.1398096,-1.8755243,0.4063957
41,0.016004706,0.09283569,0.010102501,-0.10209591,-0.012787139,-0.9946923,1.0,0.0,0.0,-0.02580368,-0.020179002,0.19240743,-0.023584962,-0.13331085,-0.00682829,0.002336661,0.0049892743,0.2743467,0.0009551048,-0.0787645,0.008397237,0.013377014,0.0018578185,0.025960138,-0.027151195,0.031250518,-0.018024324,0.021622604,-0.0017205356,-0.06728097,0.03508762,0.03653649,-0.0056852847,0.17967004,-0.13682657,1.1913308,-1.1393093,-0.029295433,-0.38082573,0.4252069,-0.015746482,-0.2282244,0.69031787,0.34489596,-0.034243885,-1.1541715,-0.9519386,2.155304,-9.489166,-1.384428,0.9113331,-0.93222094,-3.1095257,17.11893,4.9575806,-1.5135577,0.23369664
42,0.011698539,0.11375207,-0.00062986,-0.09791679,-0.0132859675,-0.99510586,1.0,0.0,0.0,-0.023177586,-0.019883111,0.19756234,-0.030120611,-0.12798458,-0.009772162,0.0064445985,0.0046101115,0.26101702,0.007345319,-0.0722695,0.007720271,0.013026833,0.0008405473,0.024587525,-0.03653067,0.02602662,-0.014460817,0.020166006,-0.0019844584,-0.06577037,0.031216396,0.03181403,-0.0032804173,0.22441946,-0.13761261,1.2113824,-0.97946596,-0.053072784,-0.32877555,0.4409311,-0.0064523146,-0.26205602,0.62382615,0.27939457,0.0039232634,-3.481072,5.273735,2.5956726,40.058228,2.0631447,7.053568,-2.2543893,2.706664,24.152632,3.2110147,-1.1508772,0.25109425
43,0.012277508,0.11668895,-0.0039971136,-0.09335721,-0.013775899,-0.9955374,1.0,0.0,0.0,-0.020256782,-0.019708121,0.20213342,-0.03630483,-0.12322962,-0.012186281,0.0105390055,0.004267964,0.24816197,0.013022304,-0.06666893,0.0074457536,0.014706348,0.00010816388,0.022713464,-0.032287434,0.023182902,-0.0122012505,0.02014775,-0.0016914908,-0.06379583,0.027601535,0.027419442,-0.0013110696,0.2727755,-0.13781944,1.2201794,-0.80551565,-0.0486272,-0.29714087,0.4704829,0.006749414,-0.30122155,0.55652887,0.23295033,0.028061088,-3.8314066,3.8560314,-5.3110104,44.309105,8.209047,17.082232,-2.4116964,5.1237755,11.739466,-5.5914326,-1.2012622,0.18392126
44,0.014263278,0.1126617,-0.0024271875,-0.08881421,-0.0143419,-0.995945,1.0,0.0,0.0,-0.016962884,-0.019705726,0.20626241,-0.04138112,-0.11872321,-0.014312687,0.014756326,0.0040471726,0.23559159,0.017953873,-0.061745763,0.0074219704,0.01668011,-0.00060975,0.021513622,-0.026686264,0.021654354,-0.011610585,0.02076709,-0.0009663578,-0.06258413,0.023794781,0.024111204,-9.1931084e-05,0.29611275,-0.13472071,1.2165116,-0.66246164,-0.063753396,-0.25479165,0.48012486,0.007836491,-0.33638114,0.47003603,0.20826888,0.048391577,9.479982,-33.215908,-5.3151345,-121.62891,-11.985308,-23.160625,-0.7880937,-0.19305778,-6.0096407,-9.712254,-1.3487823,-0.010691065
45,0.0150773795,0.10696838,0.0054053417,-0.08447733,-0.014931069,-0.99631345,1.0,0.0,0.0,-0.013544451,-0.019772667,0.21009243,-0.044995546,-0.1145584,-0.015966643,0.018897595,0.0039016304,0.22324252,0.021904588,-0.057261467,0.0076008122,0.017199894,-0.00073939486,0.020191368,-0.019276088,0.020034453,-0.009176443,0.020386284,-0.0007408541,-0.061680824,0.018775104,0.021973444,0.0008967504,0.29541543,-0.12592855,1.2203107,-0.54376495,-0.10648669,-0.19999039,0.4742649,-0.0034559593,-0.35733867,0.38166225,0.18631071,0.060505893,8.678563,-28.829922,-1.2554346,-113.01237,-10.972176,-22.020638,-0.48500884,-1.6398281,-7.371106,-10.882503,-1.2735369,-0.09089628
46,0.012838155,0.09727379,0.018657938,-0.08043744,-0.015458243,-0.9966397,1.0,0.0,0.0,-0.010255264,-0.01978934,0.21380842,-0.047086477,-0.11094481,-0.016979354,0.022811467,0.003723793,0.21117878,0.024818063,-0.053169787,0.007894736,0.015994905,0.0005232996,0.018819919,-0.0072374167,0.018039823,-0.0043408214,0.01919957,-0.0008068164,-0.05961717,0.0135503085,0.020057289,0.0014568504,0.29170543,-0.11718757,1.2350923,-0.4648315,-0.17462344,-0.14336708,0.4677221,-0.023798048,-0.36007935,0.3009967,0.14243245,0.0706155,-2.3720589,8.818518,0.88082933,23.605545,0.6094341,2.9519596,-0.4288804,-2.2552142,-4.227889,-10.156488,-1.1235907,-0.12706135
47,0.011867858,0.09376725,0.028158337,-0.07666629,-0.015893206,-0.9969301,1.0,0.0,0.0,-0.0071174344,-0.019709256,0.2176612,-0.04813063,-0.10812205,-0.01739884,0.026505342,0.0033831485,0.1994831,0.026768446,-0.049667418,0.008277382,0.015480148,0.00046407772,0.019676028,-0.0051698736,0.013884361,-0.0019830342,0.018183066,-0.0019579052,-0.05817504,0.008990903,0.017135164,0.0018825757,0.3026877,-0.10677357,1.2614974,-0.43087766,-0.25322983,-0.0844084,0.47278258,-0.048006587,-0.3451203,0.22352272,0.057261355,0.08006275,-3.726937,5.476713,-7.193798,41.954346,7.4735136,15.527266,-1.1560012,0.0009938478,4.193848,-8.587679,-0.8501808,-0.09026276
48,-0.008715065,0.087262265,0.0032501812,-0.07306488,-0.015938977,-0.9971999,1.0,0.0,0.0,-0.0041016415,-0.019500317,0.22145605,-0.0481838,-0.107507765,-0.01697785,0.030110745,0.0030178856,0.18834966,0.027736187,-0.047133207,0.008740495,0.014880146,0.0023670616,0.018762566,0.002570861,0.00062024535,0.0029100794,0.017693268,-0.0016276559,-0.054792505,0.003887843,0.012349825,0.0022874246,0.32721075,-0.090326734,1.2989789,-0.40103874,-0.30613005,-0.03374594,0.4963567,-0.065824874,-0.32682782,0.16044466,-0.056992166,0.072907,0.37002373,-4.416603,4.271489,5.1538544,1.045044,-0.6010933,-0.60619086,-16.740274,-2.4839242,2.1992989,-0.67733973,-0.37939185
49,-0.01021923,0.08965732,-0.011325115,-0.06955148,-0.01557628,-0.9974568,1.0,0.0,0.0,-0.000805783,-0.019312287,0.22563124,-0.04908991,-0.106826365,-0.016409466,0.03380034,0.0023590806,0.17767626,0.028083324,-0.045818508,0.009116593,0.016570887,-0.00011682335,0.021163462,-0.00919685,0.00610904,0.0016133465,0.01822307,-0.00402647,-0.05305327,0.0018278782,0.006325964,0.0018235926,0.26157257,-0.050405897,1.384261,-0.35211045,-0.35840547,-0.11681777,0.4748242,-0.051925965,-0.3992198,0.105598286,-0.22120148,0.08156234,-0.11951475,-7.4862485,-15.404101,-31.135387,-0.24421714,-0.35949457,-1.4661819,0.35595405,11.77991,-7.8765535,-0.1699793,-0.06654334
50,-0.037512377,0.06659799,0.014901396,-0.06649937,-0.014469822,-0.9976815,1.0,0.0,0.0,0.0017569978,-0.018299278,0.22976178,-0.048043847,-0.108255565,-0.016050639,0.03710978,0.0020448086,0.1671825,0.027856588,-0.046151698,0.009564168,0.012376535,0.007786028,0.021721873,0.010094761,-0.008825755,0.0026744127,0.016239678,-0.0016962606,-0.052273493,-0.0023288496,-0.0018210551,0.0022041241,0.24813607,-0.0090634,1.4047728,-0.32714006,-0.37847227,-0.13770139,0.49000138,-0.03430997,-0.4167238,0.11936489,-0.34491938,0.065634966,0.10945892,3.0345497,4.5343275,10.115036,5.4662476,-1.3764343,1.178079,-17.304447,-13.382264,4.740963,-0.18099062,-0.47758856
51,-0.04384144,0.062280506,0.019323908,-0.06400389,-0.012696286,-0.9978688,1.0,0.0,0.0,0.0040756566,-0.016457755,0.23447943,-0.04643655,-0.109624684,-0.015926579,0.040452212,0.0016884487,0.15660214,0.027532578,-0.04770273,0.009837982,0.011448423,0.009083337,0.024327075,0.0061509474,-0.0050247926,8.182655e-06,0.016520115,-0.0023867055,-0.05278635,-0.0016078356,-0.007756808,0.0013135587,0.26988596,0.036730975,1.4457513,-0.39606285,-0.30084413,-0.15361148,0.57741237,0.0083607435,-0.376631,-0.0035644309,-0.603895,0.06525549,-0.61306465,0.37276077,0.84307957,-4.1782837,4.0575104,-1.3501472,-0.93077743,0.69494617,6.069308,6.256707,0.45979074,-0.051422827
52,-0.049098883,0.06361402,0.01300288,-0.061539814,-0.0106884,-0.99804735,1.0,0.0,0.0,0.006522841,-0.014350427,0.2396236,-0.046019435,-0.109781265,-0.016123576,0.04451503,0.0016050944,0.14668113,0.02614224,-0.05171305,0.01009128,0.012104109,0.010208665,0.02575979,0.0004124546,0.00047201166,-0.0013944741,0.020126784,-0.00048617317,-0.049092915,-0.007323205,-0.019967295,0.001237492,0.29804218,0.08935453,1.476812,-0.38287038,-0.20000006,-0.12862808,0.6427496,0.05435416,-0.3645929,-0.06359051,-0.7960968,0.037519377,-0.9152756,0.022521973,-0.21404171,-4.262192,1.9661026,-0.71567535,-1.5042076,3.9167442,10.02526,4.920471,1.1202346,0.027124748
53,-0.055137623,0.06144409,0.008733274,-0.05909923,-0.008472118,-0.99821615,1.0,0.0,0.0,0.009148186,-0.012016889,0.24480134,-0.046037436,-0.10867107,-0.01620295,0.04906821,0.0019732104,0.13729554,0.024239302,-0.057468057,0.0100671295,0.012975431,0.011509414,0.025876055,-0.00059300405,0.006134267,-0.0005461938,0.022478053,0.0019070477,-0.046352953,-0.009625454,-0.02846164,-0.00014799487,0.335451,0.13402753,1.4948198,-0.3690105,-0.057654712,-0.09075308,0.7120441,0.10634406,-0.36721236,-0.09653397,-0.9020975,-0.013688732,-0.869444,0.12924576,-0.6456194,-2.9088364,0.49321747,-0.25251198,-1.4755595,2.4370894,7.7048435,1.704174,1.4829121,0.06565446
54,-0.062372115,0.057836633,0.005827955,-0.056771096,-0.005990712,-0.9983692,1.0,0.0,0.0,0.012026692,-0.009390913,0.24989682,-0.046029806,-0.106181145,-0.015931573,0.054120023,0.0028538008,0.12829942,0.02209878,-0.06405532,0.009545594,0.014242902,0.013071293,0.025532141,-5.889094e-05,0.012762442,0.0012863704,0.024933008,0.0044533345,-0.0444905,-0.010749771,-0.032459583,-0.0026136746,0.36343986,0.18410067,1.5000536,-0.32609951,0.10294902,-0.05891576,0.78905445,0.17510545,-0.38001162,-0.15554823,-0.92261636,-0.07887165,-0.91388214,0.43167877,-0.79296494,-1.5548477,-0.37519455,-0.08473587,-1.4819,1.1853511,5.8603373,0.7328367,1.6426812,0.16089678
55,-0.07080264,0.05372009,0.0054902723,-0.054578055,-0.0031830918,-0.9985044,1.0,0.0,0.0,0.015059144,-0.006379595,0.25477666,-0.045661807,-0.10222298,-0.015355937,0.05972601,0.0043594083,0.11960161,0.019518256,-0.07060069,0.008406451,0.014982441,0.015056989,0.024530357,0.002072863,0.019873798,0.002832123,0.027667308,0.00763969,-0.043138202,-0.013106263,-0.03217001,-0.005658757,0.3590073,0.23707657,1.4941293,-0.25404108,0.27861893,-0.03359374,0.86268693,0.26504546,-0.39834833,-0.24080676,-0.867664,-0.16738044,-0.7757391,0.35647964,-0.27689266,-0.35803223,-0.76942444,-0.06554985,-1.5319046,0.6272727,3.2834587,-0.11650181,1.5813847,0.29773575
56,-0.0822443,0.050883647,0.0013873101,-0.05232245,-0.00013885916,-0.9986303,1.0,0.0,0.0,0.017946139,-0.0033921793,0.2594214,-0.04554057,-0.09611839,-0.014838622,0.065842934,0.0066392645,0.11103153,0.016343594,-0.07636374,0.006445501,0.013802426,0.017027365,0.021417785,0.00873608,0.023886079,0.0050943284,0.03011021,0.012829395,-0.041292794,-0.016715782,-0.028232096,-0.009689401,0.3205037,0.30101502,1.4772826,-0.11381097,0.45270562,0.010165963,0.9010995,0.3722608,-0.38666934,-0.3619219,-0.72652453,-0.2833673,-2.9021516,16.16528,0.16797638,38.80948,-10.312904,4.2831573,-1.5194452,-9.396708,-4.3891835,-1.7759972,1.2531955,0.30990934
57,-0.095739335,0.038000192,0.008025037,-0.050662708,0.0036493249,-0.9987092,1.0,0.0,0.0,0.020256953,0.0007530606,0.2634443,-0.042533398,-0.08965331,-0.013443187,0.072099686,0.009984155,0.10316199,0.012010217,-0.0805257,0.0034291914,0.011342069,0.021011125,0.02104949,0.014995093,0.03299786,0.0066471673,0.030814616,0.016476413,-0.039421495,-0.022095306,-0.020309595,-0.014931262,0.25266808,0.36366963,1.4042847,0.23204446,0.4838909,0.11684488,0.7850532,0.4995201,-0.22862291,-0.7084933,-0.4573717,-0.38559064,-0.6256342,0.969635,1.0367684,-1.9056549,1.3498077,-1.3011627,-1.6667774,-1.3908328,-5.106393,1.5916729,0.8647032,0.7113637
58,-0.095541045,0.034364372,0.0037435591,-0.049296197,0.0075504957,-0.9987557,1.0,0.0,0.0,0.021895388,0.004921482,0.26691496,-0.037922382,-0.08191091,-0.011536892,0.077037744,0.014150732,0.09684253,0.004719615,-0.08190763,-0.00048340118,0.0080518,0.019065818,0.01775903,0.020957885,0.040679645,0.0082726255,0.024017772,0.021398887,-0.031235004,-0.037083007,-0.0065250522,-0.019294726,0.00015731901,0.31830972,1.0967367,0.7365796,0.024663743,0.22893664,0.21928948,0.6528814,0.32628462,-1.5234205,-0.13479957,-0.32241377,3.2558563,-25.849459,-9.149041,-46.481525,4.6782,-3.7651017,-1.5844971,5.949322,4.2035832,-5.552453,0.35629594,1.0834403
59,-0.09537556,0.029348046,-0.010181315,-0.048146125,0.011317903,-0.9987762,1.0,0.0,0.0,0.021127813,0.008014633,0.26773208,-0.029470563,-0.078290164,-0.008854609,0.076557934,0.019560412,0.09547204,-0.009488583,-0.08008242,-0.0036599142,-0.004254821,0.014686282,0.001850242,0.043317012,0.016985439,0.013286683,-0.0043484233,0.028675843,-0.0032881994,-0.07513246,0.0093109105,-0.015468217,-0.22268371,0.06425609,0.5559939,0.4566328,-0.4904149,0.30817136,-0.56242967,0.5843835,0.98981655,-1.763465,0.066420086,-0.15454373,0.49021822,-4.848121,-7.8119235,-21.06745,-0.9990506,-0.7073582,0.07067637,1.6454409,9.960089,-4.3331385,-0.28067783,0.82433015
60,-0.079688475,0.028931102,0.014231906,-0.047046024,0.014354593,-0.99878955,1.0,0.0,0.0,0.01812874,0.008831487,0.2652436,-0.023154378,-0.079774916,-0.0054853167,0.0700579,0.02269957,0.09980506,-0.014268041,-0.07538724,-0.005230915,-0.015282862,0.0036567585,-0.020871293,0.027577499,-0.008523849,0.016634401,-0.037563037,0.016026016,0.02910032,-0.0005203542,0.02159833,-0.007447738,-0.14976795,-0.12584773,0.4089964,0.074176855,-0.650308,0.2723888,-0.7582026,0.45223176,1.0220613,-1.3808104,0.14734101,-0.13087577,4.9483123,-22.355385,-55.81143,-20.061672,-0.6669374,-1.2818861,0.41882324,2.724144,68.26337,86.05888,-2.5647755,0.6293349
61,-0.06552632,0.048448816,0.0572809,-0.04523567,0.017063003,-0.99883056,1.0,0.0,0.0,0.015802052,0.007849317,0.2598496,-0.021121264,-0.08297831,-0.0025717134,0.06079317,0.024868447,0.10574269,-0.014117718,-0.07054502,-0.006419539,-0.01113708,-0.0063895085,-0.029965354,0.0070012207,-0.01596738,0.014241015,-0.04669645,0.011615381,0.03144223,-0.0008868642,0.023702413,-0.005530158,0.0421163,-0.15070082,0.12062079,0.1080346,-0.79264826,0.113633215,-0.349766,0.24245605,1.0344087,-0.6683971,0.13354927,0.12277269,4.881134,-15.775739,-22.21859,-7.7509756,0.33515987,-1.0892762,2.785324,6.6771736,12.720598,-5.522537,-1.0852108,1.09815
62,-0.028872304,0.07735859,0.055454727,-0.04246377,0.018726476,-0.99892247,1.0,0.0,0.0,0.015552767,0.005803064,0.25130045,-0.019363165,-0.08747065,-0.0013249884,0.05517618,0.025973355,0.11196178,-0.015662432,-0.06641078,-0.0052558524,-0.001174258,-0.010190973,-0.044942766,0.007217227,-0.022254882,0.0059633227,-0.026686376,0.004243161,0.031033954,-0.011600035,0.01171264,0.0060024294,0.12829608,-0.12573048,-0.13019502,0.27949762,-0.8543111,0.049647097,0.002746977,0.19693393,0.99816555,-0.5842441,-0.06439971,0.36757827,1.5776342,13.645128,0.559495,1.7534075,1.0340766,-0.18066424,-2.6940575,20.246012,0.92217255,9.720184,-42.51798,-1.1194448
63,-0.01083706,0.09370904,0.04718941,-0.038722232,0.019478668,-0.99906015,1.0,0.0,0.0,0.016218249,0.0039855023,0.24018067,-0.01632762,-0.09241754,-0.0007783145,0.05285842,0.026343858,0.11743301,-0.017997742,-0.065951824,-0.0019598734,0.0032460478,-0.008130398,-0.055603888,0.015286423,-0.024365783,0.0026337455,-0.010532421,0.0010882061,0.02682024,-0.012766996,0.0022563825,0.016598983,0.15161037,-0.15366179,-0.37509257,0.31506714,-0.98106235,0.08443761,0.11835263,0.14856523,1.0733116,-0.5164911,-0.13975689,0.49693468,-0.90049934,11.710933,8.247262,4.5826216,1.286369,0.064563714,0.92902684,0.8241348,-0.9151038,-0.9301605,2.3889694,-0.96590805
64,-0.0038159378,0.09500734,0.026750013,-0.034815963,0.019722348,-0.99919915,1.0,0.0,0.0,0.01709202,0.0022235096,0.2274431,-0.012675524,-0.098395646,7.291375e-05,0.051901586,0.026251048,0.1229471,-0.021001816,-0.06572008,0.0025581212,0.0042192475,-0.008570511,-0.0643562,0.017655667,-0.02951224,0.0042206827,-0.0045535374,-3.5182522e-05,0.028089017,-0.015175414,0.0007376959,0.022121748,0.12503089,-0.16779763,-0.5189477,0.30317932,-1.100802,0.15069331,0.11195695,0.118384354,1.1264545,-0.5279453,-0.17467847,0.494854,-0.33660337,1.5323452,0.123895526,-11.378161,1.3557669,-0.18536428,0.36548987,-10.0077095,-9.148322,38.834515,-20.938,-9.914563
65,0.0070105204,0.08565135,0.013039769,-0.031179342,0.01952879,-0.999323,1.0,0.0,0.0,0.017691504,0.0003081014,0.2138161,-0.009291172,-0.1053161,0.0015339397,0.05098025,0.025737666,0.12860793,-0.023513436,-0.06625795,0.006733193,0.002778893,-0.008586063,-0.0687832,0.0162848,-0.034137484,0.007257824,-0.0045354166,-0.0019882952,0.030872902,-0.016393794,0.0031710886,0.022866093,0.08314352,-0.15667439,-0.6113992,0.24452668,-1.1661885,0.14067492,0.10455115,0.08544456,1.1605172,-0.46308964,-0.24510309,0.43548816,-1.4180112,9.045038,-8.302141,-4.387245,1.4284563,-0.16670252,0.3329301,42.629314,21.092499,-127.10573,81.65228,34.11438
66,0.01589859,0.079317905,0.0059545157,-0.027793568,0.01910495,-0.99943113,1.0,0.0,0.0,0.017848764,-0.001391796,0.19966918,-0.0065387487,-0.11262041,0.0028550378,0.050016798,0.025212571,0.13459015,-0.026015043,-0.066979945,0.01038248,0.0006822114,-0.008654868,-0.07017781,0.012507533,-0.035946097,0.0064739594,-0.004802738,-0.0038020518,0.029118104,-0.0077871266,-0.0071820035,0.016351491,0.038063005,-0.1296915,-0.6918873,0.24727887,-1.2030396,0.10351209,0.11335661,0.062391244,1.206529,-0.4366644,-0.33314383,0.38796332,-0.75079894,9.255464,-3.1894066,-7.732498,1.6071242,-0.15310404,0.5820552,-11.785925,-9.957003,41.883163,-14.20137,-7.110941
67,0.026253726,0.06576319,-0.0027934916,-0.024942346,0.018197278,-0.9995233,1.0,0.0,0.0,0.017568367,-0.0028801668,0.18531471,-0.0040570498,-0.12000519,0.0037617942,0.049170386,0.024127698,0.14066249,-0.027105331,-0.06921333,0.013125026,-0.0015540314,-0.006528654,-0.07165753,0.011764136,-0.036319442,0.0044317725,-0.0042502508,-0.006139532,0.03136188,-0.0050820196,-0.010351022,0.013540949,0.0066265464,-0.09943724,-0.7708843,0.2706632,-1.2224474,0.087510735,0.110788204,0.04727467,1.2556931,-0.47550744,-0.3647574,0.32753938,-0.79194206,8.487468,-3.1225457,-1.9235907,1.6319997,-0.042818546,-0.25458598,-1.0013809,0.41020012,-0.26550293,3.3717957,0.18179321
68,0.030076094,0.062094107,-0.0051770825,-0.022389295,0.017041158,-0.9996041,1.0,0.0,0.0,0.016968649,-0.0038892091,0.17056799,-0.0015050173,-0.12729728,0.00447404,0.04831693,0.022894938,0.14729095,-0.028682828,-0.07137996,0.015267873,-0.0030737028,-0.0043411884,-0.07338034,0.012391121,-0.035842396,0.0034947884,-0.0042700316,-0.006215674,0.03363034,-0.008494555,-0.009886119,0.010694341,-0.032632604,-0.06929585,-0.83402336,0.28103402,-1.2003195,0.07631618,0.08437141,0.022180386,1.301082,-0.47738785,-0.382098,0.27991757,-0.014340356,3.2393966,5.2573752,-1.2803164,1.7664589,-0.10933587,0.17015755,-0.33634186,-0.4833024,-2.693863,2.0622063,-0.025976181
69,0.0342106,0.058500856,-0.0040495503,-0.019986706,0.015734525,-0.99967635,1.0,0.0,0.0,0.016002834,-0.0045381733,0.15571648,0.0010812283,-0.13409466,0.005047867,0.047246832,0.02161618,0.1541841,-0.030584335,-0.0734005,0.016960178,-0.004856804,-0.002740852,-0.07360106,0.012541227,-0.03336507,0.0028164983,-0.0053586536,-0.0065962533,0.034610894,-0.009372894,-0.009664849,0.008297793,-0.05550708,-0.04644017,-0.88532376,0.28187928,-1.151586,0.07942629,0.021421678,0.0022089258,1.3440928,-0.45930034,-0.3335426,0.22884095,0.17065564,3.5033867,6.2816353,-2.7234564,1.6668546,-0.0745537,0.30192935,-0.66664505,-0.9536873,-1.4538422,0.8485069,-0.40821075
70,0.039608635,0.051793236,-0.0036302088,-0.017819824,0.014228104,-0.99974,1.0,0.0,0.0,0.014842128,-0.00493215,0.14097375,0.0036028624,-0.14015037,0.00562706,0.04562442,0.02021911,0.16117448,-0.032328725,-0.07487154,0.01809581,-0.005768047,-0.001555723,-0.073024966,0.012157406,-0.0296958,0.0028552797,-0.008157029,-0.0072773793,0.03515626,-0.008175298,-0.007032244,0.005490023,-0.07357463,-0.03340043,-0.9385935,0.28359163,-1.0757058,0.09433451,-0.067036964,-0.021449305,1.3798449,-0.44623917,-0.22385478,0.17084901,0.19304858,3.8307087,4.635965,-3.5239515,1.4588804,-0.06682596,0.37536514,-0.08533096,-0.73196554,0.12201691,0.3309822,-0.36649895
71,0.04706473,0.04423257,-0.003973709,-0.015944663,0.012434051,-0.99979556,1.0,0.0,0.0,0.013546565,-0.005185093,0.1263237,0.006038904,-0.1452269,0.0063276114,0.04321378,0.01860044,0.16820431,-0.033748865,-0.07532501,0.018577583,-0.00641323,-0.00085569796,-0.072642565,0.0117077,-0.024860818,0.0034630855,-0.012095126,-0.008452012,0.03545697,-0.0066217775,-0.0018550188,0.0022862924,-0.0994371,-0.033925578,-0.9949933,0.28129765,-0.9698902,0.1114448,-0.17525244,-0.051246844,1.4038547,-0.42963323,-0.062187426,0.113475084,0.2282901,3.9955053,3.738816,-2.9989147,1.2079179,-0.09006955,0.53142667,-1.0527306,-0.92394483,0.6136322,0.23999405,-0.2672863
72,0.055675596,0.03678133,-0.004438244,-0.014367851,0.010291913,-0.99984384,1.0,0.0,0.0,0.012048691,-0.0054114866,0.111721635,0.00834775,-0.14906895,0.007168679,0.03984784,0.016666785,0.17518061,-0.034793854,-0.0742929,0.018426916,-0.007412623,-0.0007614793,-0.07247532,0.011058869,-0.018770868,0.004154944,-0.016834324,-0.009967144,0.035266366,-0.004950683,0.005691443,-0.0007510143,-0.12736502,-0.04952106,-1.0495254,0.27161768,-0.8414214,0.12749952,-0.28493097,-0.081566535,1.417284,-0.41270375,0.13535035,0.06317797,0.310519,3.2952595,3.3452983,-2.1864767,0.9053377,-0.13521904,0.7677679,-0.9881973,-1.0344703,0.44583893,0.19746399,-0.014875412
73,0.063837685,0.030361308,-0.0047862795,-0.013063373,0.007796183,-0.99988437,1.0,0.0,0.0,0.010334209,-0.0057298634,0.097159326,0.0104573965,-0.1515016,0.0081356475,0.03553965,0.014393018,0.18203866,-0.03548956,-0.07144314,0.017741898,-0.008473342,-0.001290128,-0.07230111,0.010061624,-0.011827601,0.004770854,-0.02146221,-0.011533084,0.034684133,-0.0034620743,0.014825708,-0.0032899335,-0.15375866,-0.08397932,-1.1002927,0.25085962,-0.68582916,0.13888957,-0.37785596,-0.11061915,1.4273363,-0.39929926,0.3608034,0.017226662,0.400589,1.3521968,3.8601465,-1.1185589,0.5787569,-0.2024382,1.1127683,-0.40911484,-1.4371004,-0.22731781,-0.008583069,0.36995125
74,0.07112965,0.024769327,-0.005324589,-0.011997331,0.0049753,-0.9999157,1.0,0.0,0.0,0.00842674,-0.006299961,0.08266872,0.012272716,-0.15231454,0.009178882,0.03048551,0.0117944805,0.18875134,-0.03591776,-0.06654382,0.01659485,-0.009413626,-0.0026869657,-0.071946576,0.008591501,-0.003847075,0.005137688,-0.02509741,-0.01295296,0.03396019,-0.002361356,0.025065277,-0.0054864367,-0.17781241,-0.13771263,-1.1461967,0.2105889,-0.5000124,0.12713113,-0.45007917,-0.14263129,1.4352906,-0.36556786,0.5752407,-0.028159622,0.44701675,-0.9043058,4.301114,-0.2619505,0.20095783,-0.26564083,1.316598,-1.0631027,-1.0113969,-0.57386017,-0.18307114,0.5082054
75,0.077260174,0.019554669,-0.006371077,-0.011142076,0.001879481,-0.9999361,1.0,0.0,0.0,0.006358238,-0.0072967475,0.068303406,0.013644338,-0.15127486,0.010071632,0.024918562,0.008916476,0.19528669,-0.03605616,-0.059685707,0.015050591,-0.010199269,-0.0050052,-0.07130518,0.0063308203,0.0052808626,0.0043710326,-0.027572924,-0.0142011,0.033043966,-0.0008227353,0.034616202,-0.007441698,-0.1927834,-0.21364918,-1.1801594,0.14276779,-0.29354346,0.101480395,-0.49771133,-0.185112,1.428039,-0.291032,0.7631235,-0.08521463,0.42309552,-2.820272,4.088705,-0.40576172,-0.24439655,-0.2683683,1.4777132,-1.3267174,-0.8627486,-0.8075409,-0.66607285,0.5993748
76,0.083197996,0.015184258,-0.0073178043,-0.010463063,-0.001465035,-0.9999442,1.0,0.0,0.0,0.004222315,-0.008935288,0.054159224,0.014342546,-0.1482507,0.010681254,0.01909675,0.005767863,0.2015174,-0.035672426,-0.05110991,0.01305861,-0.0105158305,-0.008420947,-0.07012063,0.0028871426,0.015047274,0.002961246,-0.028765453,-0.01554368,0.03140446,0.002185309,0.04276316,-0.009745405,-0.18843447,-0.32485974,-1.1919314,0.011922471,-0.052031193,0.073945165,-0.499733,-0.23663387,1.3887227,-0.1379265,0.93697387,-0.17525086,0.36912322,-3.6179795,4.0860147,-1.1541061,-0.7163351,-0.2200984,1.606436,-1.5715752,-0.66288066,-0.79048157,-1.4611092,0.56757927
77,0.08917757,0.011835055,-0.0057700397,-0.009909404,-0.0050566047,-0.99993813,1.0,0.0,0.0,0.002208011,-0.011519024,0.040447533,0.013826966,-0.14297819,0.010998456,0.013484854,0.0023440253,0.20713097,-0.03419113,-0.040941894,0.010378921,-0.009963688,-0.013403942,-0.067766,-0.0033997707,0.026124595,0.0015186232,-0.026959544,-0.016915057,0.028126482,0.008776898,0.049910694,-0.012468188,-0.12824209,-0.47742295,-1.1415578,-0.23902008,0.26379538,0.03894486,-0.38090903,-0.2808376,1.2714382,0.099310786,1.0195452,-0.30498245,0.24469282,-3.886774,3.4915357,-2.7563324,-1.2626348,-0.1609413,13.484362,-6.1429863,9.700709,11.710976,-4.989811,11.789639
78,0.09461518,0.017713604,0.017686341,-0.009205029,-0.008834006,-0.9999186,1.0,0.0,0.0,0.00083453715,-0.015379168,0.027640104,0.010968447,-0.13482529,0.010964071,0.009315425,-0.0011672155,0.21158642,-0.030789018,-0.030049622,0.006976087,-0.0066753784,-0.020365268,-0.0628097,-0.015341835,0.040350754,-0.00023355366,-0.020194773,-0.017249739,0.021515716,0.018785298,0.052750904,-0.016799621,0.12611812,-0.6994247,-0.8742453,-0.89158624,0.78940064,-0.05017701,0.09374889,-0.28478786,0.9416575,0.5898845,0.69846433,-0.5081235,0.9208955,-4.844946,5.668053,-2.3054304,-1.8997072,-0.13941158,1.9818625,-2.0559692,0.620101,-0.31113434,-3.8590393,1.3567398
79,0.10002906,0.030985719,0.023717755,-0.008057789,-0.012799394,-0.99988556,1.0,0.0,0.0,0.001964082,-0.021169966,0.017626643,0.0023788214,-0.12198961,0.010068856,0.009640335,-0.004124394,0.21296847,-0.023893237,-0.021955967,0.0017473662,0.005936584,-0.03071473,-0.048003357,-0.045763206,0.06416778,-0.0045401393,0.0027762777,-0.013805014,0.0050446163,0.034792315,0.03951704,-0.02588571,0.8657671,-0.8448178,-0.16143829,-1.9452354,1.7119608,-0.046534102,1.0235873,-0.21578863,0.36318702,1.0650321,-0.15328178,-0.7489222,-0.49504733,-2.1285472,13.584831,-5.917925,-2.9026563,0.13222754,-0.29355264,5.273951,-7.208684,-20.2275,-2.1092598,1.3313462
80,0.0955666,0.05398616,0.011265171,-0.0064612566,-0.016625948,-0.99984086,1.0,0.0,0.0,0.009550382,-0.027989699,0.014187455,-0.013119221,-0.10077143,0.009313081,0.01820567,-0.006024453,0.2094394,-0.012655616,-0.021849096,-0.005625977,0.037107665,-0.0278586,-0.004011072,-0.043798327,0.114313625,-0.0023269623,0.048153333,-0.0100998,-0.023301808,0.05399817,-0.0033020389,-0.036518913,1.2864069,-0.6373623,0.44640562,-2.1324432,2.0335217,0.034211818,1.3028798,0.064913295,-0.21944016,0.41223425,-0.70018655,-0.6217489,-14.865566,99.07145,347.89236,448.8447,-4.871681,4.698225,-4.337303,-1.4227034,-15.301233,-5.354742,-0.20224164,1.826524
81,0.085256435,0.05924475,-0.01605515,-0.0041221967,-0.019783426,-0.9997958,1.0,0.0,0.0,0.020368766,-0.031123202,0.016022325,-0.015981436,-0.07622886,0.009568425,0.030266616,-0.0058486564,0.20214784,-0.0067845583,-0.02757281,-0.011553123,0.05587225,-0.01550701,0.014825942,-0.0029173696,0.11978344,0.0015368977,0.059821095,0.0015096283,-0.045847435,0.022585131,-0.02953269,-0.028979907,1.4826134,-0.37961578,0.6348251,-1.3568712,2.1281123,-0.23868555,1.0844374,0.26450104,-0.54706156,0.16624689,-0.7781232,-0.4816167,-1.0596237,3.6451797,47.90216,40.9776,-6.148638,-0.5608959,-6.707562,26.6694,-68.78462,-26.240135,0.0824766,1.9799867
82,0.06036589,0.05835635,-0.026565308,-0.0017080443,-0.022225957,-0.99975157,1.0,0.0,0.0,0.03323544,-0.032255214,0.02034074,-0.017730236,-0.051998794,0.00730731,0.039879587,-0.0035181006,0.1904794,-0.0043822527,-0.03409165,-0.015872886,0.06430073,-0.005697902,0.026261492,-0.013952764,0.1192765,-0.011940096,0.046833463,0.012543412,-0.06285734,0.0086985165,-0.03219364,-0.021045132,1.0403289,-0.21972714,0.5545265,-0.74771804,1.6110076,-0.5850171,0.72878736,0.28236365,-0.7573673,0.12168534,-0.73063,-0.30364385,-4.4677544,-2.9314346,15.100934,-15.472031,-5.222212,-0.5795069,-5.1926374,10.435915,-35.248184,-14.101701,0.84075737,1.3178943
83,0.042307753,0.08579758,-0.011260618,0.0015361101,-0.024027694,-0.9997101,1.0,0.0,0.0,0.042069077,-0.032470163,0.02523458,-0.02114737,-0.03348255,0.0017716372,0.045615684,-0.00062027824,0.17584264,-0.0031386614,-0.039937794,-0.018272161,0.04289487,-0.0007093208,0.024451954,-0.019792097,0.08923531,-0.027713737,0.027572095,0.014152682,-0.07386128,0.0052132597,-0.028695706,-0.011590394,0.57087576,-0.18499497,0.48025376,-0.40906933,0.9946393,-0.7407038,0.47810832,0.2657121,-0.80059606,0.099376604,-0.6732393,-0.17334151,-1.483038,-1.3039131,-0.3775034,-8.005936,-4.7213383,1.580473,-2.2774239,-2.6533551,4.9748993,-1.2678318,1.4196335,0.56782997
84,0.040000923,0.09743978,0.0077541643,0.005310405,-0.02569553,-0.9996557,1.0,0.0,0.0,0.046280824,-0.032781556,0.029406607,-0.023239374,-0.02184242,-0.0053682397,0.048612278,0.002012402,0.16083682,-0.0022262335,-0.04500109,-0.019285355,0.019418811,-0.0016816363,0.020328777,-0.011849357,0.054586507,-0.0358949,0.014328974,0.01297539,-0.07393135,0.004361049,-0.024808677,-0.004835483,0.4313445,-0.20676972,0.5331191,-0.23857844,0.5606751,-0.6900438,0.37047777,0.24887931,-0.76200026,0.07917637,-0.65096563,-0.07726224,-0.6119155,-14.193882,-14.188539,-88.2006,-12.368029,-11.562032,-0.7106518,-5.675573,12.517052,-4.0406446,1.3557906,0.1558173
85,0.03573594,0.08456018,0.0061490387,0.0088437395,-0.027379982,-0.999586,1.0,0.0,0.0,0.0487468,-0.033401538,0.03341961,-0.024221897,-0.01573646,-0.011822405,0.050390135,0.004418049,0.14688933,-0.0014877319,-0.049637616,-0.019306116,0.011829357,-0.0027941638,0.019726036,-0.0013131112,0.02949593,-0.031650882,0.008488439,0.012726076,-0.06799947,0.003220499,-0.022737755,1.8688395e-05,0.447645,-0.24338774,0.6266761,-0.17978966,0.25541285,-0.5265277,0.31814304,0.22375712,-0.7347059,0.05082023,-0.6194546,-0.014795084,1.4482983,-13.450647,34.824276,-138.0599,107.89692,-35.28498,-1.1291275,-20.025705,0.43992436,-1.2557325,1.0363623,-0.2921496
86,0.008635152,0.060360767,-0.00033788919,0.011573248,-0.028177898,-0.9995359,1.0,0.0,0.0,0.05126924,-0.03365541,0.037411094,-0.021755457,-0.014960885,-0.015587185,0.051549714,0.0068969876,0.13402444,-0.0013289452,-0.05377984,-0.018696664,0.012804555,0.000867881,0.02054776,0.014788808,0.0029358151,-0.0177639,0.0055858404,0.011592381,-0.06355151,9.1940594e-05,-0.02031623,0.003049787,0.40789998,-0.25864965,0.71976274,-0.13463005,-0.050508622,-0.40282217,0.24705097,0.19399092,-0.7290849,0.011353826,-0.56106436,0.017328527,-0.30768728,0.45457077,3.2541885,5.774536,6.083519,-0.9367943,0.27891174,-22.314705,-2.3758886,11.640641,0.9152111,-0.57842165
87,0.010404938,0.05302964,0.003762655,0.013743511,-0.028621009,-0.99949586,1.0,0.0,0.0,0.0533897,-0.033826005,0.042622805,-0.019723296,-0.016397,-0.01823827,0.051970653,0.008630801,0.121572256,-0.0015302896,-0.0571931,-0.017795715,0.010359271,-0.0010128905,0.02677147,0.00893202,-0.0064133587,-0.013233113,0.0019764246,0.007947762,-0.061697632,-0.0011273196,-0.016711293,0.004446925,0.29689264,-0.24343385,0.8223722,-0.16297376,-0.37979054,-0.39456174,0.17597842,0.16704649,-0.75288373,-0.020806612,-0.54464275,0.03063747,-0.60512877,0.19029999,1.7122059,-3.5018005,3.3586578,-0.49488068,-0.102278665,-1.8783216,8.3422985,5.091096,0.91673446,-0.24729513
88,0.01332298,0.053093214,0.008777727,0.015847357,-0.02916362,-0.999449,1.0,0.0,0.0,0.0543422,-0.034148976,0.048912227,-0.018915534,-0.020364285,-0.020947432,0.051678464,0.0099212285,0.10931438,-0.0019329786,-0.06030321,-0.016797911,0.004429137,-0.001698518,0.031315807,0.003923114,-0.019974334,-0.013272102,-0.0015286453,0.006255166,-0.060540438,-0.002196225,-0.015261948,0.00491256,0.27504385,-0.23616707,0.90457284,-0.20547241,-0.51027805,-0.31693885,0.1560656,0.1592468,-0.7537051,-0.007198118,-0.49609733,0.0010963343,-0.4466095,0.79148483,0.34698153,-2.6993027,1.3630142,0.50852203,-0.05033763,-0.11208558,10.343578,0.50948906,0.8721499,-0.22666916
89,0.011464142,0.049389027,0.005351512,0.01782251,-0.029664572,-0.99940103,1.0,0.0,0.0,0.054987494,-0.03452438,0.055791497,-0.018697262,-0.025438666,-0.022847261,0.051188547,0.011111888,0.09748894,-0.002213478,-0.06282139,-0.016120529,0.0031314027,-0.0017571211,0.034147084,0.0012433132,-0.025229907,-0.009165579,-0.0024279775,0.005801146,-0.05818081,-0.001363025,-0.012316206,0.0032953552,0.2966925,-0.22912408,0.97374606,-0.22273391,-0.51905215,-0.22175369,0.1537306,0.15913177,-0.77288073,0.003472214,-0.41179547,-0.04436149,-0.41201472,0.8572712,-0.3960867,-1.9455338,0.93883514,0.6241665,-0.058180377,-1.8102425,10.465295,-0.25438976,0.73299855,-0.17835777
90,0.0066392496,0.043298043,0.0027777215,0.019601366,-0.02999913,-0.9993577,1.0,0.0,0.0,0.055785496,-0.034842484,0.0629614,-0.018639326,-0.03052336,-0.023716155,0.050688952,0.012289909,0.086034894,-0.0023442507,-0.06441718,-0.015912602,0.0040055406,-0.0013138741,0.035744015,0.0007005303,-0.025099246,-0.004067202,-0.0024499749,0.0057024914,-0.056521654,-0.0007163486,-0.0077539273,0.00097292586,0.32041276,-0.21137187,1.0298067,-0.2363013,-0.5068956,-0.14795163,0.16330494,0.16093415,-0.79891855,0.009040801,-0.31127068,-0.10259783,-0.34216762,0.60004807,-1.043489,-0.46902466,0.7264099,0.44593048,-0.01478303,-3.3463087,7.2307024,-1.1413641,0.45246917,-0.100703806
91,-0.00017352091,0.03726779,0.0011871567,0.021152886,-0.030078683,-0.9993237,1.0,0.0,0.0,0.056778245,-0.03496274,0.0703488,-0.018594146,-0.03540212,-0.023781646,0.05029926,0.013469629,0.074824214,-0.0024069548,-0.06496447,-0.016282031,0.0049849967,-0.00017208466,0.03687113,0.00066567835,-0.024014104,-0.00013915349,-0.0018913379,0.0056300573,-0.055426836,-0.00045527113,-0.0025907105,-0.001876952,0.3343675,-0.183247,1.0808408,-0.26053643,-0.49622816,-0.093256,0.18215013,0.16140501,-0.82960284,0.007121039,-0.21257219,-0.1678306,-0.27629519,1.0820694,-1.1817055,0.49460602,0.82873154,0.24263,-0.058149584,-4.3268576,5.839668,-0.76624775,0.17877424,0.014999911
92,-0.0082527865,0.032781634,-7.6715136e-05,0.022510758,-0.029845564,-0.9993011,1.0,0.0,0.0,0.057872217,-0.03477588,0.07794547,-0.018634796,-0.040074468,-0.023265716,0.05010782,0.0146291265,0.063768744,-0.0024917126,-0.064519346,-0.017276246,0.0054650432,0.0013990562,0.037939664,5.1956766e-05,-0.022880074,0.002656288,-0.00090257125,0.0054540983,-0.054734528,-0.000609111,0.0022786641,-0.0049537905,0.33833486,-0.15067086,1.1316541,-0.2968321,-0.4761301,-0.055144098,0.20602149,0.16627648,-0.8665847,0.003055194,-0.12525097,-0.23550496,-0.26979327,1.1226692,-0.79109573,0.7919159,1.1180191,0.05447769,-0.17070186,-4.861705,5.909837,0.12452793,-0.05327251,0.15287124
93,-0.016842885,0.02962957,-0.0008632517,0.023728091,-0.029264374,-0.9992901,1.0,0.0,0.0,0.058966927,-0.034220815,0.08574885,-0.018897295,-0.044440925,-0.022357414,0.05015716,0.015783442,0.052794278,-0.0026247501,-0.06323093,-0.018896159,0.0054430193,0.0031703939,0.038998757,-0.0013012236,-0.021210048,0.004498664,0.00028706325,0.0054106787,-0.054392885,-0.000848215,0.0064065615,-0.008029297,0.3361168,-0.11257799,1.1795012,-0.33535603,-0.43756384,-0.02806684,0.23537916,0.17960876,-0.9135913,-0.0017430767,-0.04638008,-0.3045814,-0.3238032,0.47431946,-0.81766987,0.54502106,1.3233833,-0.20371819,-0.25161517,-4.4088497,6.2165008,0.91685677,-0.24554452,0.30990785
94,-0.025826897,0.027542576,-0.0008674877,0.024853202,-0.028313387,-0.9992901,1.0,0.0,0.0,0.059998024,-0.033260413,0.09371561,-0.019453287,-0.048307538,-0.021192176,0.050490774,0.01699985,0.041808307,-0.002802372,-0.061215878,-0.021131456,0.005116872,0.0051360815,0.039830964,-0.002927086,-0.01861122,0.0057038288,0.0016907085,0.005740949,-0.05451361,-0.0010731033,0.0099646365,-0.011052248,0.3302126,-0.06832897,1.2161342,-0.36326033,-0.3792892,-0.0073222183,0.2759626,0.20101908,-0.9672552,-0.007935597,0.029939838,-0.37096122,-0.2167058,1.0690994,-0.9978976,0.2358017,1.4503555,-0.27269936,-0.30781263,-3.6011987,6.1503806,1.2589741,-0.41808638,0.47153714
95,-0.03496721,0.026459621,-0.00070591015,0.025927346,-0.026986675,-0.9992995,1.0,0.0,0.0,0.06092941,-0.031869013,0.10174036,-0.020251393,-0.05146426,-0.019858584,0.05120548,0.018350776,0.030740023,-0.0030293465,-0.05852914,-0.023932323,0.004614724,0.007216749,0.04011521,-0.004142164,-0.015052991,0.0064967843,0.0035824403,0.006461281,-0.054960232,-0.0013339267,0.0132594425,-0.013825923,0.3215136,-0.018917218,1.243385,-0.37451476,-0.29869667,0.0123782195,0.32845512,0.22876558,-1.0236213,-0.019489957,0.10284283,-0.43375823,-0.2785964,0.36080933,-1.2433958,0.0014419556,1.2653351,-0.44608307,-0.3771132,-2.8619347,6.1945915,1.3351364,-0.57726884,0.62067634
96,-0.044315476,0.02555739,-0.00029493571,0.026966078,-0.025281344,-0.9993166,1.0,0.0,0.0,0.061734013,-0.030035557,0.10971862,-0.021161914,-0.053701937,-0.018385017,0.0524032,0.019899914,0.019569576,-0.0033464432,-0.0552305,-0.02724136,0.003987625,0.00938146,0.03988996,-0.0046317726,-0.010499781,0.007178796,0.0059761633,0.007491369,-0.055485647,-0.0018126586,0.01626032,-0.016316826,0.30989397,0.03450325,1.2629985,-0.35998088,-0.19371773,0.035544697,0.3909988,0.26188767,-1.0789794,-0.041955486,0.17083365,-0.49446592,-0.18519568,0.2595482,-0.9969907,0.08755493,1.0970879,-0.44687653,-0.49140587,-2.5010624,5.8501554,1.0647011,-0.7298549,0.7494363
97,-0.052282054,0.02659625,-0.0021953075,0.028039342,-0.023271479,-0.9993359,1.0,0.0,0.0,0.062376056,-0.028004931,0.11768913,-0.022567868,-0.05436611,-0.016947947,0.054164242,0.021672465,0.008260548,-0.003784299,-0.051392555,-0.03101838,0.0032322542,0.010214582,0.039007675,-0.005479908,-0.00507846,0.007936436,0.008798713,0.009056308,-0.056011196,-0.002485698,0.018906062,-0.018604213,0.29629624,0.092395574,1.2735552,-0.30818897,-0.06650406,0.06461018,0.46295464,0.30082625,-1.1245885,-0.08290076,0.23640996,-0.55633354,-0.38303316,14.497917,-8.302092,50.532692,-24.551712,10.07308,-0.7668013,-1.8610675,9.279008,-4.536088,-0.8205922,0.89852196
98,-0.06847006,0.018091109,0.003730103,0.028943172,-0.020742621,-0.9993658,1.0,0.0,0.0,0.06284843,-0.02527527,0.12516028,-0.022649527,-0.054439962,-0.015010172,0.056568045,0.023865314,-0.0029051304,-0.004636407,-0.047057867,-0.035252266,0.0023668576,0.0152007835,0.037068002,0.0024571745,-0.0013766586,0.010238978,0.0119302785,0.010769354,-0.0551611,-0.0048868936,0.021342969,-0.020853868,0.2863675,0.15305923,1.2726749,-0.20327696,0.055180606,0.09936494,0.5375897,0.3531296,-1.1456807,-0.16298437,0.3031932,-0.6096213,0.52992946,2.5259666,-0.9352131,3.6350555,2.6696243,-1.0273857,-1.2801232,-8.641014,-2.983556,2.6565847,-1.1240107,0.8306658
99,-0.07644638,0.0127964085,0.006831532,0.029508041,-0.017717136,-0.99940753,1.0,0.0,0.0,0.063199624,-0.021848384,0.13236743,-0.02171743,-0.053238988,-0.012825941,0.059598003,0.0263451,-0.013833106,-0.0062191486,-0.042237103,-0.039847873,0.0017378578,0.01707686,0.036504127,0.004305747,0.0069785626,0.010461189,0.015016036,0.012131749,-0.054451145,-0.008320196,0.023722684,-0.022624405,0.21716547,0.1883017,1.2072358,0.012326822,0.10229397,0.16635086,0.5299702,0.4568226,-1.0685405,-0.42448112,0.40388685,-0.6260996,-0.094971836,0.249012,0.0023536682,-2.3102798,1.5403137,-1.3988457,-0.816928,-0.40074968,1.6790192,0.39030552,-1.1650394,1.0979159
100,-0.07618478,0.013925976,0.0069417986,0.030038822,-0.014622926,-0.99944174,1.0,0.0,0.0,0.06291463,-0.018422121,0.1389606,-0.019786954,-0.05084765,-0.010448543,0.062436283,0.029477537,-0.023770511,-0.010091782,-0.03662473,-0.044438414,-0.0015730209,0.015987238,0.03292195,0.009311738,0.01241802,0.011254872,0.014006547,0.01625663,-0.04915027,-0.020147864,0.027645929,-0.022540756,0.02926156,0.20530446,0.9334272,0.51970696,-0.3239155,0.25474647,0.13715714,0.6145961,-0.60063046,-1.1167046,0.6641534,-0.48396012,1.9623784,5.992136,-0.6035423,20.21745,-26.949469,5.8813257,0.0042277277,6.3233786,8.406094,-4.6528254,-1.249857,1.2528882
